Address_id,Contact_id,Address_type,Address,City,State,Zip
1,1,home,,,,75018
2,2,home,2287 Sutteridge Park,Dallas,Texas,75062
3,3,home,,,,75029
4,4,home,,,,75099
5,5,home,62477 Hovde Hill,Allen,Texas,75061
6,6,home,06 Heffernan Center,Richardson,Texas,
7,7,home,,,,75031
8,8,home,16515 Nova Hill,Allen,Texas,75041
9,9,home,626 Orin Center,Addison,Texas,
10,10,home,6687 Dottie Plaza,Richardson,Texas,75027
11,11,home,8 Luster Terrace,Dallas,Texas,75059
12,12,home,,,,75076
13,13,home,15 Jackson Lane,Allen,Texas,75013
14,14,home,79254 Pond Center,Dallas,Texas,75083
15,15,home,9 Logan Parkway,Dallas,Texas,75078
16,16,home,65052 Heath Point,Plano,Texas,75046
17,17,home,,,,75005
18,18,home,8 Fuller Road,Addison,Texas,75088
19,19,home,1961 Division Hill,Addison,Texas,
20,20,home,,,,75042
21,21,home,,,,75060
22,22,home,528 Main Junction,Dallas,Texas,75046
23,23,home,9086 Sommers Crossing,Richardson,Texas,
24,24,home,,,,75099
25,25,home,83 Shoshone Parkway,Plano,Texas,75046
26,26,home,333 Scoville Hill,Allen,Texas,75091
27,27,home,18894 Division Lane,Richardson,Texas,75083
28,28,home,250 2nd Drive,Richardson,Texas,
29,29,home,85701 Basil Road,Allen,Texas,75004
30,30,home,23 Kings Lane,Plano,Texas,75086
31,31,home,4 Maple Trail,Richardson,Texas,
32,32,home,504 Bayside Pass,Dallas,Texas,75060
33,33,home,,,,75009
34,34,home,26 Towne Road,Richardson,Texas,75047
35,35,home,9324 Onsgard Parkway,Dallas,Texas,
36,36,home,016 Oak Valley Parkway,Dallas,Texas,
37,37,home,660 Truax Way,Dallas,Texas,75037
38,38,home,75903 Linden Circle,Plano,Texas,75045
39,39,home,36 Alpine Drive,Richardson,Texas,
40,40,home,6 Muir Circle,Dallas,Texas,75078
41,41,home,5395 Becker Drive,Plano,Texas,75011
42,42,home,4585 Bluestem Avenue,Plano,Texas,75013
43,43,home,9 Orin Alley,Richardson,Texas,75002
44,44,home,9274 Spohn Hill,Dallas,Texas,75041
45,45,home,34 Northfield Plaza,Dallas,Texas,75061
46,46,home,825 Dixon Lane,Dallas,Texas,75030
47,47,home,,,,
48,48,home,,,,75071
49,49,home,160 Grasskamp Park,Allen,Texas,75011
50,50,home,,,,
51,51,home,3681 Schmedeman Park,Allen,Texas,75010
52,52,home,1330 Thackeray Junction,Plano,Texas,75002
53,53,home,70 Gina Point,Richardson,Texas,
54,54,home,0 Golf View Plaza,Dallas,Texas,75095
55,55,home,22839 Stuart Park,Richardson,Texas,75074
56,56,home,92 Elmside Way,Plano,Texas,
57,57,home,589 Mccormick Parkway,Dallas,Texas,75067
58,58,home,56378 Talisman Drive,Allen,Texas,75032
59,59,home,99570 Bayside Parkway,Allen,Texas,
60,60,home,99687 Jenna Circle,Richardson,Texas,75016
61,61,home,9028 Carberry Avenue,Addison,Texas,75011
62,62,home,55 Del Mar Hill,Allen,Texas,75017
63,63,home,,,,75041
64,64,home,,,,
65,65,home,72772 Northfield Way,Dallas,Texas,75002
66,66,home,11 Donald Plaza,Allen,Texas,75048
67,67,home,67412 Sundown Parkway,Addison,Texas,
68,68,home,3 Moulton Junction,Addison,Texas,75049
69,69,home,434 Farwell Plaza,Plano,Texas,75059
70,70,home,08 Fremont Road,Allen,Texas,75048
71,71,home,1251 Graceland Point,Dallas,Texas,75051
72,72,home,,,,75023
73,73,home,86545 Tennyson Crossing,Richardson,Texas,75064
74,74,home,1430 Linden Way,Addison,Texas,75040
75,75,home,2268 Nancy Lane,Richardson,Texas,75081
76,76,home,,,,75022
77,77,home,840 Kingsford Parkway,Richardson,Texas,75073
78,78,home,4 Sunbrook Avenue,Addison,Texas,75067
79,79,home,8735 Bultman Circle,Dallas,Texas,75094
80,80,home,65183 Delladonna Avenue,Allen,Texas,75079
81,81,home,89640 Cody Terrace,Richardson,Texas,
82,82,home,12 Butternut Terrace,Richardson,Texas,75006
83,83,home,204 Farwell Avenue,Plano,Texas,75074
84,84,home,1 Anhalt Junction,Dallas,Texas,
85,85,home,933 Debra Terrace,Allen,Texas,75021
86,86,home,4265 Mayer Junction,Plano,Texas,75053
87,87,home,46 Oakridge Avenue,Richardson,Texas,75059
88,88,home,71 Jay Terrace,Plano,Texas,75055
89,89,home,598 Elmside Drive,Dallas,Texas,75067
90,90,home,,,,75001
91,91,home,421 8th Drive,Addison,Texas,75004
92,92,home,,,,75047
93,93,home,27 Talmadge Park,Plano,Texas,75034
94,94,home,801 Pleasure Trail,Addison,Texas,75057
95,95,home,2449 Pepper Wood Court,Plano,Texas,75055
96,96,home,79761 Carioca Point,Allen,Texas,
97,97,home,,,,75093
98,98,home,,,,75033
99,99,home,27015 Nelson Parkway,Richardson,Texas,
100,100,home,470 Derek Plaza,Richardson,Texas,75013
101,101,home,622 Iowa Terrace,Allen,Texas,75086
102,102,home,,,,75097
103,103,home,8 Colorado Alley,Dallas,Texas,75094
104,104,home,4 Dwight Court,Richardson,Texas,75072
105,105,home,7 Sugar Parkway,Richardson,Texas,75014
106,106,home,5221 Pearson Parkway,Addison,Texas,
107,107,home,80 Welch Street,Allen,Texas,75061
108,108,home,3 Derek Alley,Richardson,Texas,
109,109,home,,,,75003
110,110,home,1409 Loftsgordon Alley,Plano,Texas,75003
111,111,home,3188 Fieldstone Circle,Plano,Texas,75072
112,112,home,,,,
113,113,home,,,,
114,114,home,86 Welch Parkway,Allen,Texas,
115,115,home,210 Victoria Hill,Allen,Texas,
116,116,home,,,,
117,117,home,19886 Pine View Terrace,Addison,Texas,75056
118,118,home,24 Welch Avenue,Plano,Texas,75031
119,119,home,0 Karstens Way,Allen,Texas,75088
120,120,home,8101 Jenna Court,Dallas,Texas,75085
121,121,home,24 Doe Crossing Court,Dallas,Texas,75028
122,122,home,79 Buena Vista Drive,Allen,Texas,
123,123,home,82883 Ohio Junction,Plano,Texas,
124,124,home,7595 Rusk Crossing,Dallas,Texas,75097
125,125,home,4 Elmside Park,Addison,Texas,
126,126,home,67 Corscot Drive,Plano,Texas,75098
127,127,home,4 Heath Parkway,Addison,Texas,75005
128,128,home,202 Pankratz Terrace,Addison,Texas,75007
129,129,home,,,,75049
130,130,home,1652 Rowland Plaza,Addison,Texas,75064
131,131,home,84 Sommers Plaza,Addison,Texas,75004
132,132,home,97 Cardinal Road,Dallas,Texas,75027
133,133,home,54 Lakewood Drive,Richardson,Texas,75063
134,134,home,,,,
135,135,home,,,,
136,136,home,3 Gulseth Alley,Addison,Texas,75052
137,137,home,,,,75044
138,138,home,207 Fulton Avenue,Dallas,Texas,75094
139,139,home,28 Hollow Ridge Lane,Plano,Texas,75068
140,140,home,37 Hauk Avenue,Dallas,Texas,75098
141,141,home,137 Moose Circle,Plano,Texas,75026
142,142,home,63832 Shasta Crossing,Plano,Texas,75044
143,143,home,,,,
144,144,home,38977 Karstens Lane,Allen,Texas,
145,145,home,6 Browning Point,Plano,Texas,75097
146,146,home,3785 Heath Pass,Dallas,Texas,75005
147,147,home,8406 Golf Course Trail,Allen,Texas,75033
148,148,home,2 Truax Trail,Addison,Texas,75071
149,149,home,,,,
150,150,home,7 Scott Place,Plano,Texas,
151,151,home,,,,75012
152,152,home,299 Golf View Way,Allen,Texas,75085
153,153,home,003 Morrow Crossing,Allen,Texas,75049
154,154,home,,,,
155,155,home,679 Pankratz Lane,Addison,Texas,75052
156,156,home,272 Farmco Lane,Addison,Texas,75003
157,157,home,3229 Huxley Hill,Richardson,Texas,75091
158,158,home,,,,
159,159,home,168 Eagan Road,Allen,Texas,75018
160,160,home,3037 Center Crossing,Plano,Texas,75043
161,161,home,7 Vermont Terrace,Allen,Texas,
162,162,home,90 Elmside Hill,Richardson,Texas,75010
163,163,home,,,,75056
164,164,home,9547 Michigan Lane,Addison,Texas,75054
165,165,home,38 Mallard Place,Richardson,Texas,75038
166,166,home,2873 Rusk Crossing,Allen,Texas,75040
167,167,home,9976 Mccormick Terrace,Allen,Texas,
168,168,home,66 Hallows Trail,Allen,Texas,
169,169,home,,,,
170,170,home,,,,75055
171,171,home,13 Cascade Crossing,Plano,Texas,
172,172,home,48833 Atwood Alley,Addison,Texas,75001
173,173,home,21 Canary Park,Plano,Texas,75018
174,174,home,,,,75069
175,175,home,6235 Longview Pass,Plano,Texas,
176,176,home,,,,75025
177,177,home,,,,75082
178,178,home,7224 Daystar Pass,Allen,Texas,
179,179,home,35825 Maple Alley,Richardson,Texas,75001
180,180,home,2 Sunfield Street,Plano,Texas,75064
181,181,home,9 Vahlen Drive,Richardson,Texas,75081
182,182,home,2031 School Trail,Addison,Texas,
183,183,home,25234 Transport Drive,Plano,Texas,
184,184,home,2 Nova Point,Addison,Texas,75095
185,185,home,1 Kropf Circle,Addison,Texas,
186,186,home,68 Cherokee Way,Addison,Texas,75061
187,187,home,1 Kenwood Road,Richardson,Texas,75064
188,188,home,281 Waxwing Point,Richardson,Texas,75080
189,189,home,,,,75091
190,190,home,1 Jay Parkway,Plano,Texas,
191,191,home,4 Kinsman Junction,Plano,Texas,75013
192,192,home,3 Karstens Park,Dallas,Texas,75058
193,193,home,3396 Claremont Trail,Allen,Texas,75018
194,194,home,04546 Tennyson Alley,Plano,Texas,75027
195,195,home,4 Bunting Plaza,Addison,Texas,75085
196,196,home,7069 Victoria Court,Allen,Texas,
197,197,home,3774 Shoshone Hill,Addison,Texas,75062
198,198,home,,,,75098
199,199,home,48 Tony Parkway,Plano,Texas,75083
200,200,home,8 Twin Pines Lane,Richardson,Texas,75032
201,201,home,90 Lakeland Pass,Richardson,Texas,
202,202,home,091 Old Shore Plaza,Richardson,Texas,75014
203,203,home,8 Sheridan Point,Allen,Texas,
204,204,home,,,,75019
205,205,home,41 Lakewood Terrace,Allen,Texas,
206,206,home,,,,75004
207,207,home,6247 Macpherson Way,Addison,Texas,75061
208,208,home,3 Buell Avenue,Addison,Texas,
209,209,home,054 Mccormick Court,Richardson,Texas,75045
210,210,home,83 Esch Road,Plano,Texas,75048
211,211,home,85937 Burrows Pass,Addison,Texas,
212,212,home,0 Stuart Road,Dallas,Texas,
213,213,home,,,,75087
214,214,home,,,,75026
215,215,home,,,,75015
216,216,home,430 Hudson Hill,Allen,Texas,75077
217,217,home,,,,75060
218,218,home,5303 Stoughton Circle,Allen,Texas,75012
219,219,home,2250 Bunting Point,Addison,Texas,75061
220,220,home,86414 Gateway Alley,Plano,Texas,75082
221,221,home,7 Hagan Parkway,Richardson,Texas,
222,222,home,27 Hovde Place,Addison,Texas,
223,223,home,88997 Summit Plaza,Addison,Texas,
224,224,home,,,,75052
225,225,home,51 Dexter Drive,Dallas,Texas,75032
226,226,home,,,,75045
227,227,home,812 Hermina Road,Richardson,Texas,75046
228,228,home,267 Russell Park,Addison,Texas,
229,229,home,50 Gale Pass,Plano,Texas,
230,230,home,44995 Johnson Court,Allen,Texas,75003
231,231,home,3 Village Green Parkway,Addison,Texas,75023
232,232,home,,,,75097
233,233,home,0 Rockefeller Hill,Dallas,Texas,
234,234,home,,,,75070
235,235,home,6 Valley Edge Hill,Addison,Texas,75025
236,236,home,390 Kenwood Hill,Richardson,Texas,75023
237,237,home,,,,
238,238,home,13429 Northport Circle,Richardson,Texas,75051
239,239,home,90 Canary Crossing,Richardson,Texas,
240,240,home,3595 Huxley Way,Addison,Texas,75052
241,241,home,67573 Judy Junction,Allen,Texas,
242,242,home,50 Sycamore Plaza,Addison,Texas,75030
243,243,home,762 Roxbury Alley,Allen,Texas,75046
244,244,home,33 Hintze Center,Richardson,Texas,75089
245,245,home,16 Knutson Pass,Allen,Texas,
246,246,home,,,,75026
247,247,home,,,,
248,248,home,5357 7th Road,Addison,Texas,
249,249,home,,,,75040
250,250,home,5 Jana Alley,Richardson,Texas,75063
251,251,home,57366 Hayes Pass,Addison,Texas,75065
252,252,home,07 Kenwood Plaza,Allen,Texas,75014
253,253,home,830 Mccormick Drive,Plano,Texas,75012
254,254,home,440 Harper Parkway,Addison,Texas,75095
255,255,home,6821 8th Pass,Dallas,Texas,
256,256,home,8067 Bayside Parkway,Plano,Texas,
257,257,home,42330 Hooker Parkway,Allen,Texas,75073
258,258,home,,,,
259,259,home,27 Lotheville Road,Dallas,Texas,
260,260,home,81 Talisman Point,Allen,Texas,75010
261,261,home,0 Oakridge Center,Plano,Texas,
262,262,home,9113 Dakota Crossing,Richardson,Texas,75083
263,263,home,94 Forest Park,Dallas,Texas,
264,264,home,,,,75038
265,265,home,4553 Moulton Center,Richardson,Texas,
266,266,home,87 Warrior Center,Allen,Texas,
267,267,home,,,,75019
268,268,home,,,,75081
269,269,home,1222 Pond Drive,Richardson,Texas,75006
270,270,home,,,,75084
271,271,home,31 Summer Ridge Street,Dallas,Texas,
272,272,home,5 Hanover Crossing,Dallas,Texas,75066
273,273,home,9 Melrose Street,Plano,Texas,75008
274,274,home,,,,
275,275,home,8359 Columbus Circle,Plano,Texas,75092
276,276,home,72920 Ruskin Trail,Dallas,Texas,75029
277,277,home,40 Garrison Circle,Allen,Texas,75015
278,278,home,1 Spohn Lane,Plano,Texas,75028
279,279,home,37 Rusk Place,Addison,Texas,75071
280,280,home,,,,75015
281,281,home,2 Hanson Point,Addison,Texas,75083
282,282,home,96 Acker Way,Allen,Texas,
283,283,home,328 Farragut Circle,Richardson,Texas,75031
284,284,home,2194 Messerschmidt Lane,Richardson,Texas,75001
285,285,home,1 Monterey Point,Dallas,Texas,75055
286,286,home,5547 Mallard Park,Allen,Texas,75027
287,287,home,3 Menomonie Court,Plano,Texas,75050
288,288,home,82 Duke Street,Allen,Texas,75090
289,289,home,,,,75090
290,290,home,,,,75003
291,291,home,,,,
292,292,home,808 Merry Avenue,Dallas,Texas,75047
293,293,home,36365 Esch Road,Dallas,Texas,
294,294,home,75 Red Cloud Trail,Richardson,Texas,
295,295,home,1174 Sullivan Avenue,Allen,Texas,75040
296,296,home,1 Grasskamp Park,Dallas,Texas,
297,297,home,,,,75070
298,298,home,2317 Annamark Alley,Dallas,Texas,
299,299,home,37 Sachtjen Center,Plano,Texas,75021
300,300,home,58 Redwing Court,Plano,Texas,75097
301,301,home,632 Graedel Place,Addison,Texas,
302,302,home,37 Mayer Way,Plano,Texas,
303,303,home,563 Mockingbird Point,Richardson,Texas,75035
304,304,home,03 Tomscot Circle,Plano,Texas,75030
305,305,home,,,,
306,306,home,,,,75074
307,307,home,26 Erie Hill,Richardson,Texas,75075
308,308,home,,,,
309,309,home,5 Nobel Avenue,Addison,Texas,
310,310,home,9940 Dunning Parkway,Addison,Texas,
311,311,home,5598 Waxwing Crossing,Richardson,Texas,75029
312,312,home,3 Bayside Way,Richardson,Texas,75010
313,313,home,271 Bowman Way,Plano,Texas,75027
314,314,home,2953 Scoville Drive,Addison,Texas,
315,315,home,35 Caliangt Terrace,Addison,Texas,75082
316,316,home,83 Nova Park,Plano,Texas,
317,317,home,597 Schmedeman Point,Dallas,Texas,
318,318,home,8232 Chive Point,Plano,Texas,75042
319,319,home,8 Packers Lane,Plano,Texas,
320,320,home,07066 Monica Center,Richardson,Texas,
321,321,home,,,,75046
322,322,home,,,,
323,323,home,318 Moose Trail,Richardson,Texas,75076
324,324,home,38654 Novick Point,Plano,Texas,
325,325,home,,,,75025
326,326,home,45 Miller Trail,Plano,Texas,75042
327,327,home,8 Forest Dale Way,Plano,Texas,75051
328,328,home,087 Duke Pass,Dallas,Texas,75005
329,329,home,811 Petterle Park,Addison,Texas,
330,330,home,2737 School Avenue,Richardson,Texas,75061
331,331,home,1 Chive Junction,Dallas,Texas,75063
332,332,home,2 Randy Way,Addison,Texas,75076
333,333,home,318 Canary Place,Richardson,Texas,75016
334,334,home,474 Weeping Birch Park,Dallas,Texas,75048
335,335,home,5762 Toban Alley,Addison,Texas,75048
336,336,home,944 Porter Crossing,Addison,Texas,75041
337,337,home,2960 Myrtle Drive,Plano,Texas,75008
338,338,home,1 Sachs Way,Addison,Texas,
339,339,home,53 Hermina Plaza,Richardson,Texas,75015
340,340,home,01 Fieldstone Terrace,Addison,Texas,75021
341,341,home,19 Forest Dale Pass,Plano,Texas,
342,342,home,9 Schlimgen Trail,Allen,Texas,
343,343,home,79 Onsgard Drive,Plano,Texas,
344,344,home,4899 Fremont Way,Addison,Texas,
345,345,home,8733 Aberg Crossing,Addison,Texas,75054
346,346,home,0 Green Drive,Dallas,Texas,
347,347,home,52 Morningstar Road,Plano,Texas,75043
348,348,home,0 Brickson Park Place,Plano,Texas,75009
349,349,home,5930 Clarendon Point,Allen,Texas,
350,350,home,3852 Fallview Pass,Richardson,Texas,75034
351,351,home,,,,75003
352,352,home,4 Independence Hill,Plano,Texas,75048
353,353,home,9 Lighthouse Bay Court,Allen,Texas,75031
354,354,home,1 Namekagon Hill,Allen,Texas,
355,355,home,,,,75076
356,356,home,4 Havey Hill,Allen,Texas,75085
357,357,home,,,,75045
358,358,home,6 Crescent Oaks Parkway,Addison,Texas,75035
359,359,home,95 Mallory Point,Plano,Texas,
360,360,home,1131 Marquette Parkway,Richardson,Texas,75031
361,361,home,988 Vernon Avenue,Plano,Texas,75086
362,362,home,36 Nova Junction,Addison,Texas,75061
363,363,home,029 Derek Crossing,Allen,Texas,75060
364,364,home,,,,75004
365,365,home,85 Mandrake Street,Allen,Texas,
366,366,home,53 Thierer Junction,Dallas,Texas,75010
367,367,home,,,,75091
368,368,home,12 Springs Drive,Allen,Texas,75089
369,369,home,1 Hovde Pass,Addison,Texas,75040
370,370,home,620 West Drive,Addison,Texas,75073
371,371,home,463 5th Junction,Addison,Texas,75020
372,372,home,02 Northport Park,Richardson,Texas,75077
373,373,home,0 Truax Park,Plano,Texas,75033
374,374,home,778 Carey Avenue,Addison,Texas,75025
375,375,home,4510 Southridge Circle,Allen,Texas,75050
376,376,home,,,,75066
377,377,home,9322 Armistice Park,Plano,Texas,75032
378,378,home,98252 Manufacturers Parkway,Allen,Texas,75092
379,379,home,6694 Columbus Plaza,Richardson,Texas,75004
380,380,home,,,,75009
381,381,home,47 Dakota Parkway,Dallas,Texas,75091
382,382,home,7986 Fallview Point,Richardson,Texas,75057
383,383,home,,,,75033
384,384,home,66 Sunbrook Hill,Richardson,Texas,75049
385,385,home,09 Farragut Way,Dallas,Texas,75003
386,386,home,86112 Michigan Alley,Plano,Texas,75017
387,387,home,,,,75046
388,388,home,1 Continental Crossing,Dallas,Texas,75087
389,389,home,5 Sunfield Trail,Plano,Texas,75018
390,390,home,21338 Jenna Center,Plano,Texas,
391,391,home,4216 Ridgeview Way,Plano,Texas,75093
392,392,home,,,,
393,393,home,7260 Hudson Street,Richardson,Texas,
394,394,home,11738 Harbort Road,Allen,Texas,75003
395,395,home,44 Harbort Alley,Richardson,Texas,75088
396,396,home,83453 Clemons Junction,Allen,Texas,
397,397,home,81 Lillian Crossing,Plano,Texas,75084
398,398,home,928 Karstens Place,Dallas,Texas,
399,399,home,88 Anderson Trail,Dallas,Texas,75035
400,400,home,413 Grasskamp Terrace,Richardson,Texas,75003
401,401,home,7996 Oak Valley Circle,Plano,Texas,75019
402,402,home,108 Pepper Wood Alley,Dallas,Texas,75089
403,403,home,4991 Dapin Crossing,Richardson,Texas,75034
404,404,home,1 Ludington Circle,Richardson,Texas,
405,405,home,084 Thackeray Trail,Richardson,Texas,
406,406,home,77379 Hermina Lane,Plano,Texas,75085
407,407,home,,,,75034
408,408,home,1 Superior Park,Dallas,Texas,75037
409,409,home,45 Summit Trail,Dallas,Texas,75037
410,410,home,,,,75095
411,411,home,5 Debs Park,Allen,Texas,75068
412,412,home,2 Ridgeway Drive,Allen,Texas,75003
413,413,home,978 Buell Circle,Richardson,Texas,
414,414,home,696 Esch Way,Addison,Texas,75001
415,415,home,0 Express Pass,Addison,Texas,
416,416,home,9165 Colorado Way,Richardson,Texas,75036
417,417,home,,,,
418,418,home,8831 Waxwing Point,Addison,Texas,75012
419,419,home,25 Straubel Lane,Allen,Texas,75077
420,420,home,5 Melvin Drive,Richardson,Texas,75038
421,421,home,6367 Annamark Junction,Plano,Texas,75024
422,422,home,,,,75086
423,423,home,77 Dakota Alley,Allen,Texas,75001
424,424,home,828 Shoshone Drive,Plano,Texas,
425,425,home,57306 Westridge Junction,Plano,Texas,
426,426,home,,,,
427,427,home,43 Tennessee Park,Dallas,Texas,75054
428,428,home,333 Montana Avenue,Richardson,Texas,
429,429,home,03062 Express Crossing,Richardson,Texas,
430,430,home,,,,
431,431,home,,,,75004
432,432,home,570 Prairie Rose Terrace,Richardson,Texas,75011
433,433,home,50463 Novick Road,Richardson,Texas,
434,434,home,1703 Portage Place,Plano,Texas,75096
435,435,home,66 Service Pass,Dallas,Texas,75069
436,436,home,15 Marquette Center,Allen,Texas,
437,437,home,1152 Basil Crossing,Plano,Texas,75024
438,438,home,00 Aberg Trail,Dallas,Texas,
439,439,home,97897 Nevada Place,Richardson,Texas,
440,440,home,86669 Kings Court,Addison,Texas,
441,441,home,639 Del Mar Plaza,Dallas,Texas,75091
442,442,home,28 Kipling Pass,Addison,Texas,
443,443,home,6 Aberg Hill,Allen,Texas,75042
444,444,home,39881 Vidon Center,Richardson,Texas,75098
445,445,home,29509 Calypso Circle,Plano,Texas,75098
446,446,home,49285 Huxley Park,Richardson,Texas,75039
447,447,home,3990 Lakeland Plaza,Dallas,Texas,75090
448,448,home,3757 Truax Park,Richardson,Texas,
449,449,home,,,,75058
450,450,home,18975 Harbort Hill,Dallas,Texas,75004
451,451,home,47751 Red Cloud Street,Dallas,Texas,75013
452,452,home,648 Hooker Junction,Dallas,Texas,75061
453,453,home,60302 Longview Way,Richardson,Texas,75004
454,454,home,834 Manitowish Center,Addison,Texas,
455,455,home,3 Onsgard Plaza,Addison,Texas,75005
456,456,home,0 Larry Way,Allen,Texas,75060
457,457,home,370 Longview Hill,Allen,Texas,75005
458,458,home,90777 Northwestern Street,Addison,Texas,
459,459,home,72116 Rockefeller Street,Allen,Texas,75097
460,460,home,71 Loftsgordon Hill,Dallas,Texas,
461,461,home,4574 Sachs Street,Allen,Texas,
462,462,home,472 Merchant Street,Allen,Texas,
463,463,home,3912 Riverside Circle,Richardson,Texas,75039
464,464,home,79872 Roth Way,Plano,Texas,75082
465,465,home,34 Dexter Drive,Plano,Texas,75044
466,466,home,212 School Hill,Plano,Texas,75093
467,467,home,,,,75011
468,468,home,2 Kinsman Avenue,Allen,Texas,
469,469,home,887 Mockingbird Park,Richardson,Texas,75011
470,470,home,,,,
471,471,home,1 Havey Hill,Plano,Texas,
472,472,home,,,,75023
473,473,home,4106 Dapin Court,Dallas,Texas,75003
474,474,home,,,,
475,475,home,135 Mariners Cove Parkway,Richardson,Texas,75038
476,476,home,60 Graedel Plaza,Dallas,Texas,
477,477,home,,,,75079
478,478,home,,,,75071
479,479,home,51 High Crossing Street,Allen,Texas,75002
480,480,home,8142 Mccormick Pass,Dallas,Texas,75083
481,481,home,5652 Pierstorff Road,Plano,Texas,
482,482,home,5 Graceland Place,Allen,Texas,
483,483,home,33 Bluestem Center,Addison,Texas,
484,484,home,78 Caliangt Way,Plano,Texas,75005
485,485,home,114 La Follette Crossing,Addison,Texas,75077
486,486,home,74197 Mcguire Avenue,Addison,Texas,75061
487,487,home,,,,75017
488,488,home,65 Tony Way,Plano,Texas,75020
489,489,home,26 Riverside Drive,Plano,Texas,75065
490,490,home,,,,75088
491,491,home,1775 Columbus Place,Addison,Texas,75054
492,492,home,,,,
493,493,home,,,,75092
494,494,home,289 Russell Pass,Plano,Texas,75063
495,495,home,3 Maple Wood Plaza,Dallas,Texas,75017
496,496,home,1 Stone Corner Terrace,Allen,Texas,
497,497,home,259 Fairview Center,Plano,Texas,75090
498,498,home,1 Gulseth Center,Allen,Texas,75057
499,499,home,86658 Merchant Parkway,Richardson,Texas,
500,500,home,036 Pleasure Parkway,Addison,Texas,75039
501,501,home,41 Emmet Point,Allen,Texas,75085
502,502,home,,,,
503,503,home,8 Morning Lane,Plano,Texas,
504,504,home,,,,75054
505,505,home,1 Graceland Center,Addison,Texas,
506,506,home,3 Chinook Junction,Addison,Texas,75021
507,507,home,28 Melvin Court,Allen,Texas,75092
508,508,home,546 Arapahoe Alley,Allen,Texas,75041
509,509,home,2 Mandrake Lane,Addison,Texas,
510,510,home,,,,
511,511,home,1160 Waubesa Court,Addison,Texas,75080
512,512,home,74 Grim Center,Addison,Texas,75047
513,513,home,3 Straubel Trail,Addison,Texas,75022
514,514,home,09144 Waxwing Parkway,Plano,Texas,75080
515,515,home,4 Golf View Street,Richardson,Texas,75049
516,516,home,,,,75043
517,517,home,6133 Blaine Plaza,Plano,Texas,
518,518,home,55 Utah Way,Dallas,Texas,
519,519,home,30380 Melvin Terrace,Addison,Texas,75047
520,520,home,,,,75071
521,521,home,443 Gale Avenue,Dallas,Texas,
522,522,home,57436 Merrick Lane,Dallas,Texas,75065
523,523,home,64231 Green Ridge Parkway,Dallas,Texas,75018
524,524,home,58 Northview Drive,Allen,Texas,75032
525,525,home,26 Stuart Road,Plano,Texas,75050
526,526,home,0 Crowley Circle,Allen,Texas,75052
527,527,home,3896 Columbus Parkway,Addison,Texas,75010
528,528,home,25867 Florence Avenue,Allen,Texas,
529,529,home,018 Muir Circle,Plano,Texas,
530,530,home,23 Sullivan Alley,Addison,Texas,
531,531,home,3392 Sherman Circle,Richardson,Texas,
532,532,home,217 Dayton Road,Plano,Texas,75089
533,533,home,6537 Colorado Hill,Plano,Texas,75087
534,534,home,,,,75006
535,535,home,6 Carpenter Pass,Allen,Texas,75001
536,536,home,837 Westridge Lane,Allen,Texas,75079
537,537,home,114 Mitchell Terrace,Addison,Texas,
538,538,home,344 Glacier Hill Point,Addison,Texas,
539,539,home,23 Blackbird Alley,Plano,Texas,75091
540,540,home,5 Merry Terrace,Richardson,Texas,75081
541,541,home,149 Talisman Court,Plano,Texas,
542,542,home,516 Stoughton Plaza,Allen,Texas,75093
543,543,home,0179 Kensington Trail,Dallas,Texas,75087
544,544,home,1086 Ludington Pass,Addison,Texas,75040
545,545,home,11388 Reinke Way,Addison,Texas,75052
546,546,home,68 Laurel Plaza,Allen,Texas,75079
547,547,home,05232 Knutson Pass,Richardson,Texas,75059
548,548,home,3722 Summit Junction,Richardson,Texas,
549,549,home,6830 Lake View Hill,Allen,Texas,
550,550,home,963 Cottonwood Junction,Allen,Texas,
551,551,home,7 Comanche Plaza,Richardson,Texas,75006
552,552,home,73097 Autumn Leaf Street,Addison,Texas,
553,553,home,6 Waywood Drive,Addison,Texas,
554,554,home,,,,75079
555,555,home,70 Brown Place,Dallas,Texas,
556,556,home,,,,75071
557,557,home,1 Mallard Trail,Addison,Texas,75078
558,558,home,0848 Bluestem Hill,Dallas,Texas,
559,559,home,75026 Straubel Lane,Allen,Texas,
560,560,home,,,,75061
561,561,home,502 Dawn Center,Addison,Texas,75095
562,562,home,,,,
563,563,home,9 Dorton Hill,Addison,Texas,75025
564,564,home,3 Pierstorff Lane,Dallas,Texas,
565,565,home,5 Old Shore Way,Dallas,Texas,75094
566,566,home,6 Gale Point,Richardson,Texas,
567,567,home,0273 Fairview Way,Addison,Texas,
568,568,home,49356 Anhalt Court,Dallas,Texas,75016
569,569,home,0187 Beilfuss Crossing,Allen,Texas,75026
570,570,home,952 Browning Junction,Allen,Texas,75025
571,571,home,59 Buell Park,Richardson,Texas,75062
572,572,home,,,,
573,573,home,,,,75032
574,574,home,45444 Sutherland Trail,Dallas,Texas,75091
575,575,home,2457 Fuller Court,Richardson,Texas,
576,576,home,723 Bayside Alley,Richardson,Texas,75013
577,577,home,9494 3rd Parkway,Addison,Texas,75043
578,578,home,689 Maywood Trail,Dallas,Texas,
579,579,home,7839 Carioca Drive,Allen,Texas,75091
580,580,home,8 Rockefeller Drive,Plano,Texas,75021
581,581,home,44630 Elgar Avenue,Allen,Texas,75062
582,582,home,680 Meadow Vale Parkway,Richardson,Texas,75034
583,583,home,120 Tony Center,Addison,Texas,75029
584,584,home,92383 North Crossing,Addison,Texas,
585,585,home,28 Cottonwood Circle,Addison,Texas,75091
586,586,home,66 Charing Cross Trail,Plano,Texas,75092
587,587,home,9 Warrior Plaza,Plano,Texas,75008
588,588,home,,,,75028
589,589,home,00220 Manufacturers Road,Dallas,Texas,
590,590,home,,,,
591,591,home,,,,75017
592,592,home,,,,75047
593,593,home,,,,
594,594,home,465 Rigney Way,Allen,Texas,75051
595,595,home,,,,
596,596,home,89 Kenwood Trail,Addison,Texas,75095
597,597,home,3 Mcguire Circle,Plano,Texas,
598,598,home,57438 Arrowood Alley,Dallas,Texas,75070
599,599,home,810 Carberry Place,Dallas,Texas,75082
600,600,home,25433 Sauthoff Place,Allen,Texas,75024
601,601,home,9 Hoepker Parkway,Plano,Texas,75003
602,602,home,,,,75032
603,603,home,,,,75094
604,604,home,,,,75004
605,605,home,,,,75036
606,606,home,32742 Fieldstone Plaza,Allen,Texas,75051
607,607,home,509 Cherokee Circle,Dallas,Texas,75014
608,608,home,04 Randy Circle,Allen,Texas,75078
609,609,home,59 Talisman Road,Allen,Texas,75019
610,610,home,43 Macpherson Terrace,Richardson,Texas,75098
611,611,home,,,,75077
612,612,home,188 Summerview Way,Plano,Texas,
613,613,home,0327 Monica Avenue,Addison,Texas,75009
614,614,home,72 Macpherson Avenue,Plano,Texas,75021
615,615,home,26807 Bayside Point,Allen,Texas,75050
616,616,home,877 Fairview Road,Allen,Texas,75071
617,617,home,51 Almo Circle,Allen,Texas,75082
618,618,home,390 Garrison Place,Addison,Texas,75096
619,619,home,,,,75037
620,620,home,22191 Declaration Plaza,Allen,Texas,75076
621,621,home,09440 Oak Junction,Richardson,Texas,
622,622,home,,,,75075
623,623,home,417 Lighthouse Bay Lane,Plano,Texas,75051
624,624,home,26 Gale Street,Richardson,Texas,
625,625,home,67 Cottonwood Plaza,Richardson,Texas,75091
626,626,home,,,,75093
627,627,home,0236 Memorial Park,Plano,Texas,75048
628,628,home,,,,
629,629,home,7 5th Place,Plano,Texas,
630,630,home,2 High Crossing Way,Richardson,Texas,
631,631,home,,,,75021
632,632,home,1 Blackbird Pass,Allen,Texas,75032
633,633,home,6 Anzinger Street,Plano,Texas,75027
634,634,home,15 Maywood Center,Addison,Texas,75084
635,635,home,9716 Michigan Plaza,Allen,Texas,
636,636,home,28 Iowa Crossing,Addison,Texas,
637,637,home,5 Reinke Center,Addison,Texas,75044
638,638,home,,,,
639,639,home,4090 Loeprich Place,Addison,Texas,75036
640,640,home,88 Harbort Alley,Addison,Texas,
641,641,home,981 Rockefeller Crossing,Plano,Texas,75072
642,642,home,8 Calypso Drive,Richardson,Texas,75019
643,643,home,3 Memorial Terrace,Dallas,Texas,75023
644,644,home,,,,75069
645,645,home,8240 Dexter Avenue,Plano,Texas,75083
646,646,home,478 Birchwood Court,Plano,Texas,75045
647,647,home,07 North Way,Richardson,Texas,
648,648,home,5285 Moose Alley,Allen,Texas,
649,649,home,9 Stephen Way,Richardson,Texas,75029
650,650,home,3 Jana Avenue,Allen,Texas,75012
651,651,home,65148 Marcy Center,Dallas,Texas,75021
652,652,home,0859 Elmside Point,Dallas,Texas,75096
653,653,home,,,,75093
654,654,home,677 Fordem Court,Allen,Texas,75066
655,655,home,4985 Caliangt Trail,Allen,Texas,
656,656,home,,,,
657,657,home,,,,75062
658,658,home,33 Farwell Junction,Allen,Texas,75056
659,659,home,80253 Gulseth Circle,Richardson,Texas,75094
660,660,home,48665 Eastwood Drive,Addison,Texas,75039
661,661,home,14 4th Road,Allen,Texas,
662,662,home,0 Kinsman Plaza,Richardson,Texas,75036
663,663,home,02 Onsgard Drive,Richardson,Texas,
664,664,home,,,,75087
665,665,home,72 Tennessee Park,Allen,Texas,75039
666,666,home,958 Prairieview Court,Allen,Texas,
667,667,home,2674 Monument Crossing,Allen,Texas,75087
668,668,home,801 Stephen Point,Richardson,Texas,
669,669,home,6141 Summit Crossing,Addison,Texas,
670,670,home,855 Ramsey Lane,Plano,Texas,75007
671,671,home,,,,75044
672,672,home,2857 Weeping Birch Center,Plano,Texas,75020
673,673,home,692 Atwood Drive,Richardson,Texas,
674,674,home,5 Claremont Junction,Allen,Texas,75043
675,675,home,436 Fremont Circle,Allen,Texas,75052
676,676,home,65146 Summer Ridge Crossing,Plano,Texas,
677,677,home,1766 Mifflin Court,Dallas,Texas,75068
678,678,home,3133 Swallow Circle,Addison,Texas,75057
679,679,home,219 Oxford Street,Allen,Texas,75080
680,680,home,0 Daystar Avenue,Richardson,Texas,
681,681,home,,,,
682,682,home,,,,75011
683,683,home,3325 Bartelt Place,Plano,Texas,75011
684,684,home,21 Brickson Park Plaza,Allen,Texas,
685,685,home,,,,75081
686,686,home,,,,
687,687,home,97 Hooker Point,Richardson,Texas,
688,688,home,,,,75014
689,689,home,10220 Golden Leaf Lane,Richardson,Texas,75057
690,690,home,7746 Sommers Circle,Richardson,Texas,
691,691,home,6417 Mccormick Lane,Addison,Texas,75007
692,692,home,70662 Oak Valley Terrace,Addison,Texas,75088
693,693,home,77873 Annamark Drive,Allen,Texas,75055
694,694,home,,,,75011
695,695,home,,,,75097
696,696,home,69493 Amoth Alley,Plano,Texas,75023
697,697,home,53 Harbort Center,Plano,Texas,75033
698,698,home,84579 Blackbird Street,Dallas,Texas,75035
699,699,home,9 Manley Lane,Plano,Texas,75049
700,700,home,0 Summit Alley,Dallas,Texas,
701,701,home,7714 Mifflin Street,Dallas,Texas,75043
702,702,home,,,,
703,703,home,7260 Laurel Alley,Richardson,Texas,75064
704,704,home,2 Eliot Way,Addison,Texas,75082
705,705,home,06 Knutson Place,Allen,Texas,75022
706,706,home,9878 Caliangt Plaza,Plano,Texas,75045
707,707,home,17946 Union Drive,Addison,Texas,75085
708,708,home,6 6th Place,Plano,Texas,75040
709,709,home,1684 Crest Line Trail,Richardson,Texas,75085
710,710,home,6161 Clyde Gallagher Parkway,Dallas,Texas,75034
711,711,home,3 Troy Road,Addison,Texas,
712,712,home,4169 Namekagon Park,Plano,Texas,75015
713,713,home,,,,75038
714,714,home,3 Spaight Hill,Allen,Texas,75012
715,715,home,4530 Schurz Pass,Richardson,Texas,75021
716,716,home,9 Rowland Pass,Addison,Texas,75044
717,717,home,13053 American Drive,Dallas,Texas,75004
718,718,home,,,,75016
719,719,home,,,,75090
720,720,home,2132 Eastwood Place,Plano,Texas,75076
721,721,home,0758 Kings Drive,Dallas,Texas,
722,722,home,59 Emmet Crossing,Plano,Texas,75069
723,723,home,93 Dapin Court,Allen,Texas,75024
724,724,home,2 Dahle Hill,Allen,Texas,
725,725,home,27 Continental Lane,Plano,Texas,
726,726,home,09 Springs Avenue,Dallas,Texas,75035
727,727,home,77822 Delladonna Terrace,Allen,Texas,75068
728,728,home,868 Farmco Center,Plano,Texas,75003
729,729,home,,,,75025
730,730,home,,,,75066
731,731,home,24 Center Hill,Dallas,Texas,75038
732,732,home,1473 Farmco Circle,Plano,Texas,75050
733,733,home,07389 Dorton Park,Plano,Texas,75077
734,734,home,9 Russell Parkway,Addison,Texas,75034
735,735,home,990 Northview Court,Plano,Texas,75057
736,736,home,00818 Springs Court,Dallas,Texas,75032
737,737,home,352 Westridge Parkway,Richardson,Texas,75050
738,738,home,22 Magdeline Street,Dallas,Texas,75063
739,739,home,,,,
740,740,home,929 Weeping Birch Avenue,Dallas,Texas,75056
741,741,home,,,,
742,742,home,861 Lakewood Crossing,Allen,Texas,
743,743,home,156 Maryland Court,Dallas,Texas,
744,744,home,345 Erie Pass,Dallas,Texas,75052
745,745,home,4 Mallory Point,Richardson,Texas,
746,746,home,8772 Iowa Road,Richardson,Texas,75065
747,747,home,57 Hermina Center,Plano,Texas,75025
748,748,home,,,,75082
749,749,home,,,,75076
750,750,home,,,,
751,751,home,820 Becker Trail,Richardson,Texas,
752,752,home,92 Onsgard Point,Allen,Texas,75043
753,753,home,,,,75081
754,754,home,6342 Eastwood Trail,Allen,Texas,75008
755,755,home,,,,75037
756,756,home,,,,75014
757,757,home,8332 Larry Center,Addison,Texas,75005
758,758,home,66 Jenifer Avenue,Addison,Texas,
759,759,home,77474 Anhalt Junction,Plano,Texas,75094
760,760,home,23 Scott Plaza,Addison,Texas,75076
761,761,home,5236 Linden Park,Dallas,Texas,
762,762,home,581 2nd Avenue,Allen,Texas,75029
763,763,home,80509 Glendale Circle,Plano,Texas,75076
764,764,home,,,,75069
765,765,home,905 Muir Circle,Richardson,Texas,75062
766,766,home,,,,
767,767,home,6190 Sutherland Circle,Dallas,Texas,
768,768,home,9022 Shopko Lane,Richardson,Texas,
769,769,home,1384 Arizona Road,Richardson,Texas,75046
770,770,home,96058 Lakewood Place,Allen,Texas,75028
771,771,home,,,,75080
772,772,home,63 Jenifer Parkway,Dallas,Texas,
773,773,home,120 Loomis Avenue,Dallas,Texas,75086
774,774,home,20022 Marcy Hill,Dallas,Texas,75054
775,775,home,40973 Victoria Center,Richardson,Texas,75080
776,776,home,,,,
777,777,home,,,,75010
778,778,home,,,,75038
779,779,home,,,,
780,780,home,32266 Bartillon Avenue,Plano,Texas,
781,781,home,42352 Fuller Way,Plano,Texas,
782,782,home,75395 Luster Plaza,Dallas,Texas,
783,783,home,22617 Farragut Park,Richardson,Texas,75021
784,784,home,,,,75088
785,785,home,,,,
786,786,home,808 Weeping Birch Lane,Addison,Texas,
787,787,home,3088 Troy Trail,Richardson,Texas,75074
788,788,home,,,,75009
789,789,home,72330 Emmet Circle,Plano,Texas,75093
790,790,home,7 Armistice Place,Richardson,Texas,75064
791,791,home,5 Schmedeman Plaza,Addison,Texas,
792,792,home,07 Rockefeller Hill,Allen,Texas,75044
793,793,home,84513 Heath Pass,Plano,Texas,75026
794,794,home,24976 Eagan Parkway,Addison,Texas,75065
795,795,home,,,,75035
796,796,home,,,,75039
797,797,home,6 Tomscot Point,Addison,Texas,
798,798,home,263 1st Street,Allen,Texas,75040
799,799,home,75023 Carioca Drive,Plano,Texas,75013
800,800,home,16 Acker Center,Addison,Texas,75099
801,801,home,903 Becker Avenue,Allen,Texas,75057
802,802,home,3649 Judy Pass,Dallas,Texas,
803,803,home,959 Tony Alley,Allen,Texas,75012
804,804,home,2694 Pankratz Avenue,Allen,Texas,75014
805,805,home,23 Waxwing Center,Dallas,Texas,
806,806,home,1476 Ramsey Street,Richardson,Texas,75046
807,807,home,91870 Nevada Trail,Plano,Texas,75066
808,808,home,9 New Castle Hill,Allen,Texas,75043
809,809,home,1909 Farmco Alley,Dallas,Texas,75021
810,810,home,335 Forest Drive,Allen,Texas,75009
811,811,home,24942 Talisman Pass,Allen,Texas,75032
812,812,home,2 Bashford Terrace,Richardson,Texas,75064
813,813,home,26 Roxbury Terrace,Dallas,Texas,75011
814,814,home,28 7th Lane,Allen,Texas,
815,815,home,5 Messerschmidt Street,Plano,Texas,75069
816,816,home,592 Park Meadow Center,Addison,Texas,75060
817,817,home,15752 Lillian Pass,Plano,Texas,75034
818,818,home,1159 Harbort Center,Plano,Texas,75007
819,819,home,14510 Northfield Street,Dallas,Texas,75023
820,820,home,2171 Aberg Crossing,Addison,Texas,
821,821,home,5 Dorton Crossing,Dallas,Texas,75050
822,822,home,2114 Ramsey Lane,Dallas,Texas,75014
823,823,home,05 Oxford Way,Richardson,Texas,
824,824,home,4525 Fulton Alley,Dallas,Texas,75070
825,825,home,9412 Kennedy Plaza,Richardson,Texas,75050
826,826,home,8 Monica Park,Richardson,Texas,75075
827,827,home,1 Manley Circle,Richardson,Texas,75052
828,828,home,46 Bayside Point,Allen,Texas,75052
829,829,home,,,,75006
830,830,home,,,,75086
831,831,home,14320 Beilfuss Hill,Plano,Texas,75033
832,832,home,97 Holmberg Place,Addison,Texas,
833,833,home,27 Vahlen Street,Allen,Texas,75040
834,834,home,46311 Caliangt Street,Plano,Texas,75030
835,835,home,54 Novick Avenue,Plano,Texas,
836,836,home,09 Butternut Plaza,Allen,Texas,75044
837,837,home,447 7th Pass,Addison,Texas,75038
838,838,home,0559 Mosinee Park,Allen,Texas,75020
839,839,home,96 Miller Plaza,Richardson,Texas,75098
840,840,home,,,,75029
841,841,home,1225 Corscot Lane,Plano,Texas,75099
842,842,home,,,,
843,843,home,31006 Londonderry Pass,Allen,Texas,75065
844,844,home,,,,
845,845,home,13 Park Meadow Way,Allen,Texas,75065
846,846,home,9 Stephen Court,Richardson,Texas,
847,847,home,,,,75022
848,848,home,827 Riverside Lane,Addison,Texas,75063
849,849,home,,,,75032
850,850,home,2791 Susan Circle,Richardson,Texas,75093
851,851,home,,,,
852,852,home,,,,
853,853,home,4 Charing Cross Hill,Allen,Texas,75017
854,854,home,8314 Dennis Junction,Plano,Texas,75001
855,855,home,925 Rieder Junction,Richardson,Texas,75052
856,856,home,9 Ohio Street,Plano,Texas,
857,857,home,52 2nd Circle,Dallas,Texas,
858,858,home,16 Maryland Center,Richardson,Texas,
859,859,home,,,,75049
860,860,home,7 Fairfield Drive,Plano,Texas,75066
861,861,home,,,,75060
862,862,home,1295 Warbler Court,Richardson,Texas,75032
863,863,home,93552 Muir Plaza,Dallas,Texas,75059
864,864,home,8 Stoughton Terrace,Addison,Texas,75096
865,865,home,2 Rutledge Lane,Allen,Texas,75019
866,866,home,57250 Butternut Alley,Dallas,Texas,75065
867,867,home,,,,
868,868,home,708 Grover Parkway,Allen,Texas,75083
869,869,home,,,,75004
870,870,home,8590 Cardinal Place,Richardson,Texas,
871,871,home,9 John Wall Terrace,Allen,Texas,75024
872,872,home,93 Butterfield Center,Allen,Texas,75084
873,873,home,65458 Glacier Hill Plaza,Dallas,Texas,75064
874,874,home,2498 Quincy Lane,Dallas,Texas,
875,875,home,959 Hallows Plaza,Dallas,Texas,75061
876,876,home,60 Ridgeway Plaza,Addison,Texas,
877,877,home,7272 Hayes Point,Allen,Texas,75008
878,878,home,6 Golf Parkway,Richardson,Texas,75003
879,879,home,2 Grover Plaza,Richardson,Texas,75038
880,880,home,17226 Arapahoe Parkway,Richardson,Texas,
881,881,home,,,,
882,882,home,25 Arrowood Circle,Richardson,Texas,75053
883,883,home,9 Springs Circle,Addison,Texas,75021
884,884,home,84964 Division Avenue,Plano,Texas,75022
885,885,home,849 1st Circle,Plano,Texas,
886,886,home,,,,75038
887,887,home,,,,
888,888,home,,,,75019
889,889,home,84 Schmedeman Lane,Richardson,Texas,75022
890,890,home,9 Montana Plaza,Dallas,Texas,75061
891,891,home,,,,75010
892,892,home,25181 La Follette Place,Dallas,Texas,75056
893,893,home,,,,75065
894,894,home,8118 Eastlawn Parkway,Allen,Texas,75057
895,895,home,951 Forest Run Plaza,Richardson,Texas,75064
896,896,home,,,,75013
897,897,home,5013 Ilene Hill,Dallas,Texas,
898,898,home,8 Blaine Pass,Addison,Texas,
899,899,home,9463 Lake View Road,Allen,Texas,75059
900,900,home,334 Almo Avenue,Dallas,Texas,75070
901,901,home,9 Moulton Avenue,Richardson,Texas,75052
902,902,home,0695 Dakota Terrace,Addison,Texas,75069
903,903,home,472 Kennedy Road,Addison,Texas,75032
904,904,home,9772 Eastwood Circle,Richardson,Texas,75080
905,905,home,08299 Lillian Drive,Allen,Texas,75076
906,906,home,4 Porter Circle,Addison,Texas,75016
907,907,home,904 Fremont Way,Allen,Texas,75090
908,908,home,43 Randy Avenue,Richardson,Texas,
909,909,home,87470 Northfield Circle,Allen,Texas,75088
910,910,home,72792 Donald Avenue,Richardson,Texas,
911,911,home,3 Walton Point,Plano,Texas,75064
912,912,home,06 Reinke Point,Addison,Texas,
913,913,home,,,,75083
914,914,home,,,,75085
915,915,home,26218 Prairieview Road,Allen,Texas,
916,916,home,5181 Hanson Avenue,Dallas,Texas,75087
917,917,home,50 Eastwood Junction,Dallas,Texas,75045
918,918,home,8 Dapin Center,Dallas,Texas,
919,919,home,,,,75009
920,920,home,20776 Wayridge Hill,Richardson,Texas,
921,921,home,,,,75006
922,922,home,34866 Lindbergh Circle,Allen,Texas,75086
923,923,home,11950 Meadow Ridge Street,Addison,Texas,75086
924,924,home,634 Dennis Drive,Plano,Texas,75054
925,925,home,6 Steensland Plaza,Plano,Texas,75037
926,926,home,0 Haas Alley,Plano,Texas,
927,927,home,9835 Kropf Terrace,Dallas,Texas,75009
928,928,home,,,,75018
929,929,home,4768 Bay Pass,Richardson,Texas,
930,930,home,93 Lotheville Hill,Allen,Texas,75089
931,931,home,9 Longview Pass,Richardson,Texas,
932,932,home,16872 Mosinee Place,Addison,Texas,75033
933,933,home,,,,
934,934,home,5271 Drewry Circle,Plano,Texas,
935,935,home,64 Morningstar Junction,Allen,Texas,75075
936,936,home,16689 Sunfield Center,Addison,Texas,
937,937,home,8 Granby Junction,Dallas,Texas,75093
938,938,home,0 Grim Trail,Dallas,Texas,75026
939,939,home,306 Graceland Drive,Addison,Texas,75094
940,940,home,4191 Del Sol Street,Allen,Texas,75049
941,941,home,290 Londonderry Drive,Plano,Texas,
942,942,home,3 Saint Paul Pass,Allen,Texas,75064
943,943,home,66 Surrey Circle,Dallas,Texas,75082
944,944,home,,,,
945,945,home,51 Northridge Court,Addison,Texas,75010
946,946,home,4 John Wall Park,Plano,Texas,75067
947,947,home,,,,75020
948,948,home,88714 Hayes Junction,Addison,Texas,75005
949,949,home,497 Macpherson Alley,Dallas,Texas,75018
950,950,home,06661 Westport Plaza,Plano,Texas,75073
951,951,home,46513 Granby Lane,Plano,Texas,
952,952,home,5 Merry Crossing,Richardson,Texas,75055
953,953,home,83 Mcguire Plaza,Plano,Texas,75092
954,954,home,88888 Anthes Park,Allen,Texas,75033
955,955,home,2167 Village Green Hill,Dallas,Texas,75077
956,956,home,,,,75074
957,957,home,336 Petterle Street,Richardson,Texas,75087
958,958,home,1 Ludington Place,Addison,Texas,
959,959,home,35 Judy Street,Allen,Texas,
960,960,home,,,,75086
961,961,home,5 Mockingbird Point,Allen,Texas,75006
962,962,home,,,,75008
963,963,home,5 Harper Crossing,Allen,Texas,75069
964,964,home,,,,75032
965,965,home,768 Brentwood Crossing,Allen,Texas,
966,966,home,,,,
967,967,home,053 Dakota Avenue,Addison,Texas,75073
968,968,home,31568 Dakota Crossing,Richardson,Texas,75024
969,969,home,489 Quincy Hill,Plano,Texas,75035
970,970,home,6 Rutledge Parkway,Dallas,Texas,75047
971,971,home,5452 Walton Junction,Richardson,Texas,75074
972,972,home,22 Dwight Center,Addison,Texas,75033
973,973,home,9 Kim Alley,Plano,Texas,75083
974,974,home,17 Killdeer Parkway,Addison,Texas,75087
975,975,home,70338 Clyde Gallagher Street,Dallas,Texas,75036
976,976,home,204 Caliangt Way,Dallas,Texas,75049
977,977,home,,,,
978,978,home,7637 Burrows Alley,Addison,Texas,75085
979,979,home,,,,75001
980,980,home,0 Colorado Way,Richardson,Texas,
981,981,home,07151 Anderson Trail,Allen,Texas,75079
982,982,home,0 Annamark Alley,Allen,Texas,75098
983,983,home,5 Coleman Lane,Dallas,Texas,75001
984,984,home,853 5th Terrace,Richardson,Texas,
985,985,home,46789 Moulton Crossing,Addison,Texas,75099
986,986,home,,,,
987,987,home,1 Thierer Drive,Richardson,Texas,75017
988,988,home,7 Brown Hill,Addison,Texas,75077
989,989,home,8 Huxley Junction,Plano,Texas,75029
990,990,home,70 Del Mar Junction,Plano,Texas,75062
991,991,home,5228 Commercial Crossing,Allen,Texas,
992,992,home,5 Blue Bill Park Street,Plano,Texas,75003
993,993,home,51469 Becker Point,Dallas,Texas,75014
994,994,home,583 Manufacturers Avenue,Richardson,Texas,
995,995,home,0648 Lakewood Street,Plano,Texas,75006
996,996,home,13 Main Way,Addison,Texas,75089
997,997,home,782 Lighthouse Bay Pass,Allen,Texas,75060
998,998,home,008 Ryan Center,Plano,Texas,
999,999,home,5729 Farragut Plaza,Dallas,Texas,75079
1000,1000,home,18201 Novick Circle,Richardson,Texas,75037
1001,1,work,90103 Glacier Hill Terrace,Plano,Texas,75003
1002,2,work,37 Sommers Hill,Addison,Texas,75006
1003,3,work,,,,
1004,4,work,3 Mccormick Parkway,Allen,Texas,75008
1005,5,work,35836 Banding Way,Richardson,Texas,75004
1006,6,work,44 Farragut Avenue,Addison,Texas,75009
1007,7,work,,,,
1008,8,work,363 Truax Trail,Addison,Texas,75005
1009,9,work,17 Clyde Gallagher Alley,Richardson,Texas,75007
1010,10,work,,,,
1011,11,work,,,,
1012,12,work,,,,
1013,13,work,8705 West Junction,Addison,Texas,75008
1014,14,work,,,,
1015,15,work,,,,
1016,16,work,,,,
1017,17,work,3522 Butternut Place,Plano,Texas,75001
1018,18,work,,,,
1019,19,work,,,,
1020,20,work,51819 Donald Trail,Richardson,Texas,75002
1021,21,work,,,,
1022,22,work,3715 Muir Park,Dallas,Texas,75005
1023,23,work,4 Emmet Junction,Plano,Texas,75004
1024,24,work,,,,
1025,25,work,2 Lillian Drive,Addison,Texas,75001
1026,26,work,6 Michigan Pass,Dallas,Texas,75004
1027,27,work,2408 Riverside Parkway,Plano,Texas,75007
1028,28,work,,,,
1029,29,work,,,,
1030,30,work,,,,
1031,31,work,81910 Towne Hill,Plano,Texas,75007
1032,32,work,,,,
1033,33,work,,,,
1034,34,work,2 Farwell Park,Allen,Texas,75008
1035,35,work,5031 Service Trail,Dallas,Texas,75003
1036,36,work,1096 5th Drive,Richardson,Texas,75008
1037,37,work,,,,
1038,38,work,,,,
1039,39,work,868 Continental Road,Plano,Texas,75005
1040,40,work,66986 Vidon Trail,Richardson,Texas,75003
1041,41,work,8 Luster Circle,Addison,Texas,75004
1042,42,work,97544 Arizona Crossing,Allen,Texas,75001
1043,43,work,3 5th Junction,Dallas,Texas,75008
1044,44,work,,,,
1045,45,work,,,,
1046,46,work,08 Everett Crossing,Plano,Texas,75005
1047,47,work,394 Mayfield Drive,Plano,Texas,75002
1048,48,work,,,,
1049,49,work,7 Talisman Alley,Allen,Texas,75004
1050,50,work,3 Redwing Terrace,Dallas,Texas,75006
1051,51,work,33 Melby Park,Allen,Texas,75003
1052,52,work,,,,
1053,53,work,,,,
1054,54,work,,,,
1055,55,work,9562 Northfield Park,Plano,Texas,75009
1056,56,work,853 Mayfield Place,Allen,Texas,75005
1057,57,work,,,,
1058,58,work,65588 Claremont Plaza,Plano,Texas,75001
1059,59,work,8 Kings Crossing,Allen,Texas,75004
1060,60,work,,,,
1061,61,work,4 Saint Paul Junction,Dallas,Texas,75006
1062,62,work,095 Hagan Center,Plano,Texas,75003
1063,63,work,,,,
1064,64,work,00 Haas Road,Allen,Texas,75009
1065,65,work,928 Charing Cross Alley,Plano,Texas,75007
1066,66,work,3682 American Road,Richardson,Texas,75003
1067,67,work,,,,
1068,68,work,23469 Annamark Center,Richardson,Texas,75002
1069,69,work,,,,
1070,70,work,455 Westend Point,Dallas,Texas,75003
1071,71,work,,,,
1072,72,work,,,,
1073,73,work,9 Mandrake Place,Allen,Texas,75004
1074,74,work,4 Ilene Junction,Richardson,Texas,75009
1075,75,work,,,,
1076,76,work,316 Eagan Circle,Richardson,Texas,75007
1077,77,work,,,,
1078,78,work,,,,
1079,79,work,,,,
1080,80,work,23 Debra Road,Plano,Texas,75003
1081,81,work,,,,
1082,82,work,,,,
1083,83,work,,,,
1084,84,work,82238 Ludington Park,Addison,Texas,75003
1085,85,work,005 Derek Terrace,Richardson,Texas,75002
1086,86,work,351 Shelley Court,Richardson,Texas,75001
1087,87,work,4 Golf Avenue,Plano,Texas,75007
1088,88,work,,,,
1089,89,work,7807 Dakota Pass,Addison,Texas,75006
1090,90,work,,,,
1091,91,work,55 Ridgeway Drive,Addison,Texas,75008
1092,92,work,2 Dennis Alley,Dallas,Texas,75002
1093,93,work,,,,
1094,94,work,852 Burning Wood Pass,Addison,Texas,75005
1095,95,work,,,,
1096,96,work,6678 Service Circle,Addison,Texas,75008
1097,97,work,,,,
1098,98,work,,,,
1099,99,work,5445 Buhler Parkway,Allen,Texas,75003
1100,100,work,,,,
1101,101,work,73814 Gerald Park,Plano,Texas,75002
1102,102,work,,,,
1103,103,work,,,,
1104,104,work,,,,
1105,105,work,29479 Porter Point,Dallas,Texas,75005
1106,106,work,9528 Loftsgordon Junction,Allen,Texas,75003
1107,107,work,3105 Autumn Leaf Court,Plano,Texas,75001
1108,108,work,3175 Green Ridge Court,Richardson,Texas,75008
1109,109,work,876 Washington Terrace,Plano,Texas,75004
1110,110,work,92 Mcbride Road,Plano,Texas,75005
1111,111,work,738 Commercial Road,Addison,Texas,75002
1112,112,work,,,,
1113,113,work,,,,
1114,114,work,,,,
1115,115,work,1 Loomis Lane,Richardson,Texas,75002
1116,116,work,396 3rd Alley,Allen,Texas,75002
1117,117,work,,,,
1118,118,work,,,,
1119,119,work,80574 Eliot Road,Plano,Texas,75001
1120,120,work,5996 Fairview Trail,Richardson,Texas,75005
1121,121,work,,,,
1122,122,work,,,,
1123,123,work,07 Butternut Avenue,Allen,Texas,75005
1124,124,work,,,,
1125,125,work,,,,
1126,126,work,702 Maple Wood Circle,Allen,Texas,75002
1127,127,work,,,,
1128,128,work,7948 Sunbrook Crossing,Allen,Texas,75008
1129,129,work,,,,
1130,130,work,,,,
1131,131,work,,,,
1132,132,work,,,,
1133,133,work,,,,
1134,134,work,7869 Onsgard Pass,Addison,Texas,75008
1135,135,work,,,,
1136,136,work,977 2nd Road,Addison,Texas,75006
1137,137,work,077 Ilene Terrace,Plano,Texas,75001
1138,138,work,6 6th Pass,Richardson,Texas,75002
1139,139,work,,,,
1140,140,work,,,,
1141,141,work,83 Namekagon Lane,Dallas,Texas,75001
1142,142,work,49298 Pierstorff Center,Richardson,Texas,75009
1143,143,work,255 Lukken Court,Richardson,Texas,75001
1144,144,work,62089 Transport Plaza,Plano,Texas,75001
1145,145,work,5874 Granby Alley,Allen,Texas,75008
1146,146,work,,,,
1147,147,work,563 Kedzie Court,Addison,Texas,75004
1148,148,work,,,,
1149,149,work,,,,
1150,150,work,0 Blue Bill Park Pass,Allen,Texas,75001
1151,151,work,,,,
1152,152,work,,,,
1153,153,work,,,,
1154,154,work,,,,
1155,155,work,,,,
1156,156,work,67 Evergreen Way,Richardson,Texas,75004
1157,157,work,,,,
1158,158,work,7390 Brickson Park Junction,Dallas,Texas,75002
1159,159,work,,,,
1160,160,work,555 Macpherson Point,Allen,Texas,75009
1161,161,work,2 Prentice Park,Addison,Texas,75004
1162,162,work,50 John Wall Street,Allen,Texas,75006
1163,163,work,,,,
1164,164,work,435 Dwight Pass,Plano,Texas,75006
1165,165,work,00464 Kenwood Circle,Richardson,Texas,75003
1166,166,work,,,,
1167,167,work,4368 Montana Parkway,Richardson,Texas,75006
1168,168,work,,,,
1169,169,work,25 Scofield Pass,Allen,Texas,75008
1170,170,work,,,,
1171,171,work,,,,
1172,172,work,8 Jenifer Terrace,Richardson,Texas,75008
1173,173,work,06606 Cordelia Way,Plano,Texas,75007
1174,174,work,,,,
1175,175,work,32 Farragut Drive,Dallas,Texas,75009
1176,176,work,73397 Blaine Trail,Dallas,Texas,75002
1177,177,work,,,,
1178,178,work,,,,
1179,179,work,2930 Reindahl Pass,Dallas,Texas,75003
1180,180,work,5 Pond Place,Addison,Texas,75008
1181,181,work,5540 Luster Center,Allen,Texas,75004
1182,182,work,,,,
1183,183,work,95 Barnett Terrace,Dallas,Texas,75009
1184,184,work,719 Kensington Park,Allen,Texas,75009
1185,185,work,1202 Autumn Leaf Street,Addison,Texas,75007
1186,186,work,,,,
1187,187,work,,,,
1188,188,work,4440 Spenser Pass,Allen,Texas,75002
1189,189,work,,,,
1190,190,work,,,,
1191,191,work,,,,
1192,192,work,0 Porter Place,Dallas,Texas,75001
1193,193,work,,,,
1194,194,work,,,,
1195,195,work,,,,
1196,196,work,386 Cordelia Crossing,Richardson,Texas,75009
1197,197,work,,,,
1198,198,work,46162 Fuller Drive,Dallas,Texas,75005
1199,199,work,12259 Ruskin Crossing,Addison,Texas,75008
1200,200,work,,,,
1201,201,work,7321 Declaration Alley,Addison,Texas,75006
1202,202,work,,,,
1203,203,work,,,,
1204,204,work,50544 Sutherland Drive,Addison,Texas,75008
1205,205,work,,,,
1206,206,work,74 Thackeray Road,Dallas,Texas,75008
1207,207,work,4155 Holmberg Avenue,Plano,Texas,75003
1208,208,work,,,,
1209,209,work,,,,
1210,210,work,26 Cardinal Point,Dallas,Texas,75007
1211,211,work,,,,
1212,212,work,59544 Tomscot Pass,Dallas,Texas,75006
1213,213,work,66 Valley Edge Terrace,Richardson,Texas,75001
1214,214,work,,,,
1215,215,work,,,,
1216,216,work,858 Red Cloud Trail,Dallas,Texas,75002
1217,217,work,019 Utah Circle,Addison,Texas,75004
1218,218,work,14 Talisman Street,Allen,Texas,75009
1219,219,work,,,,
1220,220,work,,,,
1221,221,work,,,,
1222,222,work,4 Roth Road,Allen,Texas,75009
1223,223,work,75 Evergreen Road,Addison,Texas,75005
1224,224,work,,,,
1225,225,work,,,,
1226,226,work,,,,
1227,227,work,644 Towne Junction,Dallas,Texas,75004
1228,228,work,,,,
1229,229,work,3387 Old Shore Pass,Richardson,Texas,75005
1230,230,work,,,,
1231,231,work,,,,
1232,232,work,,,,
1233,233,work,049 Lerdahl Avenue,Plano,Texas,75002
1234,234,work,,,,
1235,235,work,,,,
1236,236,work,,,,
1237,237,work,,,,
1238,238,work,,,,
1239,239,work,49001 Superior Place,Addison,Texas,75004
1240,240,work,,,,
1241,241,work,2975 Clemons Junction,Allen,Texas,75002
1242,242,work,40898 Sunbrook Junction,Plano,Texas,75009
1243,243,work,58664 Florence Center,Addison,Texas,75003
1244,244,work,8 Little Fleur Road,Richardson,Texas,75006
1245,245,work,,,,
1246,246,work,,,,
1247,247,work,48607 Pankratz Crossing,Dallas,Texas,75008
1248,248,work,960 Sunnyside Hill,Dallas,Texas,75009
1249,249,work,71 Gerald Road,Dallas,Texas,75007
1250,250,work,,,,
1251,251,work,9 Declaration Street,Richardson,Texas,75005
1252,252,work,12969 Lighthouse Bay Lane,Addison,Texas,75005
1253,253,work,0615 Hooker Way,Richardson,Texas,75002
1254,254,work,8412 Anhalt Road,Richardson,Texas,75001
1255,255,work,00752 Carey Avenue,Addison,Texas,75006
1256,256,work,7529 Upham Drive,Allen,Texas,75009
1257,257,work,,,,
1258,258,work,1 Paget Trail,Addison,Texas,75001
1259,259,work,,,,
1260,260,work,,,,
1261,261,work,,,,
1262,262,work,21 Summit Terrace,Addison,Texas,75005
1263,263,work,6 Fremont Park,Allen,Texas,75009
1264,264,work,1 Prentice Terrace,Addison,Texas,75008
1265,265,work,93 Waywood Way,Richardson,Texas,75009
1266,266,work,1 Drewry Alley,Allen,Texas,75006
1267,267,work,61216 Tony Lane,Allen,Texas,75002
1268,268,work,,,,
1269,269,work,,,,
1270,270,work,,,,
1271,271,work,01 Delaware Parkway,Addison,Texas,75001
1272,272,work,1139 Saint Paul Way,Addison,Texas,75008
1273,273,work,51 Swallow Circle,Addison,Texas,75002
1274,274,work,,,,
1275,275,work,5212 Brown Way,Plano,Texas,75005
1276,276,work,85 Portage Point,Dallas,Texas,75009
1277,277,work,,,,
1278,278,work,,,,
1279,279,work,3 Melvin Parkway,Allen,Texas,75006
1280,280,work,,,,
1281,281,work,,,,
1282,282,work,254 Judy Parkway,Richardson,Texas,75005
1283,283,work,,,,
1284,284,work,,,,
1285,285,work,,,,
1286,286,work,59935 High Crossing Park,Richardson,Texas,75003
1287,287,work,,,,
1288,288,work,11982 Fordem Alley,Allen,Texas,75009
1289,289,work,,,,
1290,290,work,318 Grover Hill,Dallas,Texas,75005
1291,291,work,91 Barnett Drive,Richardson,Texas,75008
1292,292,work,323 Westridge Alley,Richardson,Texas,75002
1293,293,work,,,,
1294,294,work,,,,
1295,295,work,,,,
1296,296,work,4137 Almo Street,Richardson,Texas,75004
1297,297,work,,,,
1298,298,work,,,,
1299,299,work,,,,
1300,300,work,8357 Lakewood Point,Plano,Texas,75002
1301,301,work,,,,
1302,302,work,,,,
1303,303,work,,,,
1304,304,work,5917 Upham Point,Addison,Texas,75005
1305,305,work,,,,
1306,306,work,,,,
1307,307,work,,,,
1308,308,work,626 Lakewood Gardens Circle,Plano,Texas,75005
1309,309,work,0 Del Sol Avenue,Addison,Texas,75003
1310,310,work,39649 Esker Center,Dallas,Texas,75005
1311,311,work,,,,
1312,312,work,,,,
1313,313,work,7726 Anderson Park,Plano,Texas,75002
1314,314,work,59368 Briar Crest Crossing,Allen,Texas,75007
1315,315,work,8191 Holmberg Avenue,Allen,Texas,75002
1316,316,work,,,,
1317,317,work,,,,
1318,318,work,,,,
1319,319,work,,,,
1320,320,work,38748 Merry Lane,Plano,Texas,75009
1321,321,work,,,,
1322,322,work,,,,
1323,323,work,449 Stang Court,Richardson,Texas,75001
1324,324,work,3 Harbort Pass,Dallas,Texas,75006
1325,325,work,9 Hansons Terrace,Addison,Texas,75007
1326,326,work,,,,
1327,327,work,409 Mayfield Trail,Allen,Texas,75001
1328,328,work,,,,
1329,329,work,5 Golf Avenue,Dallas,Texas,75003
1330,330,work,,,,
1331,331,work,8 Mockingbird Place,Addison,Texas,75004
1332,332,work,,,,
1333,333,work,5289 Jay Park,Plano,Texas,75005
1334,334,work,,,,
1335,335,work,,,,
1336,336,work,,,,
1337,337,work,65279 Dakota Avenue,Richardson,Texas,75009
1338,338,work,,,,
1339,339,work,,,,
1340,340,work,8504 Sunfield Hill,Richardson,Texas,75004
1341,341,work,9 Truax Court,Plano,Texas,75006
1342,342,work,795 Merchant Center,Addison,Texas,75008
1343,343,work,,,,
1344,344,work,,,,
1345,345,work,29889 Bunting Trail,Richardson,Texas,75009
1346,346,work,8 Homewood Hill,Allen,Texas,75009
1347,347,work,,,,
1348,348,work,1678 Kings Court,Dallas,Texas,75007
1349,349,work,7906 Dovetail Hill,Richardson,Texas,75005
1350,350,work,,,,
1351,351,work,595 Mesta Center,Richardson,Texas,75004
1352,352,work,558 Annamark Parkway,Addison,Texas,75008
1353,353,work,,,,
1354,354,work,,,,
1355,355,work,93 Ruskin Hill,Richardson,Texas,75002
1356,356,work,9359 Independence Road,Addison,Texas,75004
1357,357,work,20 Florence Road,Addison,Texas,75003
1358,358,work,7481 Orin Crossing,Dallas,Texas,75001
1359,359,work,,,,
1360,360,work,,,,
1361,361,work,,,,
1362,362,work,9 Ramsey Point,Dallas,Texas,75003
1363,363,work,5 Schlimgen Junction,Plano,Texas,75001
1364,364,work,78 Anhalt Way,Dallas,Texas,75006
1365,365,work,,,,
1366,366,work,68 Crownhardt Drive,Addison,Texas,75001
1367,367,work,,,,
1368,368,work,,,,
1369,369,work,8437 Debra Street,Richardson,Texas,75001
1370,370,work,56443 Merchant Court,Dallas,Texas,75002
1371,371,work,27520 Coleman Junction,Addison,Texas,75001
1372,372,work,79 Farragut Junction,Addison,Texas,75008
1373,373,work,34948 Sunnyside Center,Dallas,Texas,75007
1374,374,work,3233 Southridge Parkway,Allen,Texas,75006
1375,375,work,6 Sauthoff Park,Dallas,Texas,75001
1376,376,work,,,,
1377,377,work,,,,
1378,378,work,,,,
1379,379,work,22 Burrows Circle,Plano,Texas,75003
1380,380,work,,,,
1381,381,work,9813 Brickson Park Pass,Addison,Texas,75004
1382,382,work,1 Golf Circle,Plano,Texas,75001
1383,383,work,06 Anniversary Crossing,Addison,Texas,75001
1384,384,work,9 Mifflin Point,Richardson,Texas,75001
1385,385,work,,,,
1386,386,work,307 Anhalt Point,Addison,Texas,75006
1387,387,work,6 Canary Center,Addison,Texas,75004
1388,388,work,88 Mifflin Hill,Dallas,Texas,75003
1389,389,work,,,,
1390,390,work,041 Grover Avenue,Richardson,Texas,75008
1391,391,work,,,,
1392,392,work,91 Katie Lane,Dallas,Texas,75002
1393,393,work,,,,
1394,394,work,20 Barby Parkway,Addison,Texas,75003
1395,395,work,634 Schiller Hill,Plano,Texas,75002
1396,396,work,,,,
1397,397,work,,,,
1398,398,work,,,,
1399,399,work,33845 Drewry Terrace,Plano,Texas,75002
1400,400,work,,,,
1401,401,work,75007 Village Parkway,Richardson,Texas,75007
1402,402,work,764 Tennyson Center,Allen,Texas,75002
1403,403,work,557 Daystar Parkway,Allen,Texas,75005
1404,404,work,,,,
1405,405,work,74472 Valley Edge Crossing,Allen,Texas,75009
1406,406,work,,,,
1407,407,work,7 Northwestern Terrace,Allen,Texas,75007
1408,408,work,906 Mcguire Junction,Richardson,Texas,75009
1409,409,work,,,,
1410,410,work,0 7th Avenue,Plano,Texas,75003
1411,411,work,,,,
1412,412,work,03 Dorton Point,Addison,Texas,75007
1413,413,work,,,,
1414,414,work,,,,
1415,415,work,0792 Reindahl Terrace,Plano,Texas,75006
1416,416,work,,,,
1417,417,work,816 Riverside Alley,Addison,Texas,75002
1418,418,work,,,,
1419,419,work,,,,
1420,420,work,430 Mcbride Street,Richardson,Texas,75009
1421,421,work,0602 Old Shore Place,Plano,Texas,75008
1422,422,work,335 Fremont Park,Addison,Texas,75002
1423,423,work,322 Declaration Trail,Dallas,Texas,75002
1424,424,work,9 Hanover Park,Addison,Texas,75001
1425,425,work,532 Truax Drive,Plano,Texas,75001
1426,426,work,31345 Manley Crossing,Allen,Texas,75003
1427,427,work,,,,
1428,428,work,,,,
1429,429,work,6 8th Place,Addison,Texas,75005
1430,430,work,50840 Tomscot Lane,Allen,Texas,75008
1431,431,work,,,,
1432,432,work,,,,
1433,433,work,,,,
1434,434,work,2683 Comanche Court,Allen,Texas,75004
1435,435,work,049 Waywood Crossing,Dallas,Texas,75006
1436,436,work,,,,
1437,437,work,,,,
1438,438,work,,,,
1439,439,work,,,,
1440,440,work,,,,
1441,441,work,,,,
1442,442,work,56 Carpenter Plaza,Dallas,Texas,75006
1443,443,work,89656 Gateway Junction,Richardson,Texas,75001
1444,444,work,80 High Crossing Pass,Dallas,Texas,75006
1445,445,work,,,,
1446,446,work,0830 Kingsford Center,Richardson,Texas,75006
1447,447,work,18 Dexter Point,Dallas,Texas,75001
1448,448,work,,,,
1449,449,work,,,,
1450,450,work,,,,
1451,451,work,,,,
1452,452,work,,,,
1453,453,work,539 Canary Point,Plano,Texas,75005
1454,454,work,,,,
1455,455,work,98 Harper Avenue,Plano,Texas,75007
1456,456,work,73795 Red Cloud Crossing,Richardson,Texas,75005
1457,457,work,,,,
1458,458,work,,,,
1459,459,work,,,,
1460,460,work,57092 Clarendon Lane,Allen,Texas,75005
1461,461,work,,,,
1462,462,work,,,,
1463,463,work,,,,
1464,464,work,,,,
1465,465,work,694 High Crossing Drive,Richardson,Texas,75002
1466,466,work,64077 Stuart Street,Allen,Texas,75001
1467,467,work,0603 Debs Terrace,Richardson,Texas,75003
1468,468,work,,,,
1469,469,work,83 Anderson Parkway,Allen,Texas,75004
1470,470,work,5059 Summer Ridge Circle,Addison,Texas,75007
1471,471,work,17 Blaine Court,Allen,Texas,75006
1472,472,work,10 Nobel Road,Richardson,Texas,75008
1473,473,work,,,,
1474,474,work,,,,
1475,475,work,,,,
1476,476,work,,,,
1477,477,work,,,,
1478,478,work,0 Lakewood Plaza,Richardson,Texas,75001
1479,479,work,4 Grim Road,Allen,Texas,75007
1480,480,work,,,,
1481,481,work,7 Starling Lane,Plano,Texas,75004
1482,482,work,,,,
1483,483,work,,,,
1484,484,work,,,,
1485,485,work,,,,
1486,486,work,,,,
1487,487,work,3021 Fairview Drive,Plano,Texas,75007
1488,488,work,,,,
1489,489,work,,,,
1490,490,work,5 Bluejay Point,Plano,Texas,75008
1491,491,work,,,,
1492,492,work,,,,
1493,493,work,100 Forest Dale Court,Plano,Texas,75005
1494,494,work,,,,
1495,495,work,,,,
1496,496,work,,,,
1497,497,work,,,,
1498,498,work,2151 Del Mar Junction,Dallas,Texas,75006
1499,499,work,,,,
1500,500,work,9274 Vermont Circle,Addison,Texas,75001
1501,501,work,,,,
1502,502,work,,,,
1503,503,work,,,,
1504,504,work,,,,
1505,505,work,,,,
1506,506,work,80047 Delladonna Pass,Richardson,Texas,75003
1507,507,work,,,,
1508,508,work,,,,
1509,509,work,74991 Prairieview Alley,Richardson,Texas,75006
1510,510,work,,,,
1511,511,work,,,,
1512,512,work,,,,
1513,513,work,7354 Harbort Lane,Dallas,Texas,75007
1514,514,work,,,,
1515,515,work,,,,
1516,516,work,7862 Stephen Park,Addison,Texas,75003
1517,517,work,,,,
1518,518,work,69908 School Way,Allen,Texas,75003
1519,519,work,3 Shopko Avenue,Addison,Texas,75001
1520,520,work,1 Lotheville Parkway,Dallas,Texas,75001
1521,521,work,93 Lillian Hill,Richardson,Texas,75009
1522,522,work,,,,
1523,523,work,79568 Oxford Plaza,Addison,Texas,75008
1524,524,work,22928 Delaware Terrace,Addison,Texas,75009
1525,525,work,,,,
1526,526,work,,,,
1527,527,work,6988 Eastlawn Terrace,Dallas,Texas,75007
1528,528,work,8 Summer Ridge Drive,Plano,Texas,75002
1529,529,work,309 Dorton Street,Addison,Texas,75001
1530,530,work,,,,
1531,531,work,7 Homewood Park,Richardson,Texas,75009
1532,532,work,,,,
1533,533,work,8 Randy Court,Addison,Texas,75002
1534,534,work,,,,
1535,535,work,115 Kropf Alley,Dallas,Texas,75008
1536,536,work,,,,
1537,537,work,0718 Oneill Court,Dallas,Texas,75001
1538,538,work,,,,
1539,539,work,,,,
1540,540,work,0456 Messerschmidt Junction,Addison,Texas,75008
1541,541,work,,,,
1542,542,work,,,,
1543,543,work,,,,
1544,544,work,,,,
1545,545,work,,,,
1546,546,work,6123 Lighthouse Bay Point,Richardson,Texas,75004
1547,547,work,250 Glacier Hill Circle,Dallas,Texas,75001
1548,548,work,,,,
1549,549,work,300 Crest Line Point,Richardson,Texas,75004
1550,550,work,865 Declaration Court,Dallas,Texas,75009
1551,551,work,,,,
1552,552,work,,,,
1553,553,work,03646 Katie Terrace,Plano,Texas,75005
1554,554,work,,,,
1555,555,work,,,,
1556,556,work,89192 Dexter Court,Addison,Texas,75008
1557,557,work,150 Park Meadow Drive,Plano,Texas,75001
1558,558,work,,,,
1559,559,work,,,,
1560,560,work,83189 Tony Road,Addison,Texas,75002
1561,561,work,,,,
1562,562,work,10495 Melby Point,Allen,Texas,75002
1563,563,work,,,,
1564,564,work,,,,
1565,565,work,,,,
1566,566,work,,,,
1567,567,work,,,,
1568,568,work,55 Vidon Drive,Allen,Texas,75004
1569,569,work,,,,
1570,570,work,446 Nova Road,Richardson,Texas,75006
1571,571,work,,,,
1572,572,work,66 Paget Point,Addison,Texas,75006
1573,573,work,51 Welch Road,Plano,Texas,75006
1574,574,work,40 Stoughton Road,Allen,Texas,75007
1575,575,work,86178 Hoffman Place,Richardson,Texas,75008
1576,576,work,97573 Westport Street,Dallas,Texas,75006
1577,577,work,768 Manley Road,Addison,Texas,75008
1578,578,work,,,,
1579,579,work,76477 Hintze Drive,Plano,Texas,75009
1580,580,work,942 Superior Terrace,Allen,Texas,75002
1581,581,work,6705 Tennyson Junction,Allen,Texas,75009
1582,582,work,01518 Gina Terrace,Allen,Texas,75008
1583,583,work,3 Upham Pass,Addison,Texas,75002
1584,584,work,34 Pennsylvania Alley,Addison,Texas,75005
1585,585,work,,,,
1586,586,work,360 Miller Crossing,Richardson,Texas,75001
1587,587,work,938 Sherman Parkway,Addison,Texas,75005
1588,588,work,,,,
1589,589,work,2 Del Mar Crossing,Richardson,Texas,75009
1590,590,work,,,,
1591,591,work,1470 Fieldstone Point,Addison,Texas,75002
1592,592,work,,,,
1593,593,work,,,,
1594,594,work,6446 7th Point,Addison,Texas,75002
1595,595,work,,,,
1596,596,work,2787 Gulseth Way,Addison,Texas,75004
1597,597,work,,,,
1598,598,work,,,,
1599,599,work,,,,
1600,600,work,,,,
1601,601,work,7 3rd Park,Plano,Texas,75008
1602,602,work,297 Stang Circle,Dallas,Texas,75008
1603,603,work,,,,
1604,604,work,158 Lunder Park,Allen,Texas,75004
1605,605,work,73510 Forest Trail,Allen,Texas,75006
1606,606,work,659 Continental Plaza,Dallas,Texas,75005
1607,607,work,,,,
1608,608,work,0780 Spohn Hill,Plano,Texas,75001
1609,609,work,14 Magdeline Point,Addison,Texas,75008
1610,610,work,,,,
1611,611,work,7 Mockingbird Pass,Addison,Texas,75004
1612,612,work,,,,
1613,613,work,,,,
1614,614,work,,,,
1615,615,work,57 Cambridge Crossing,Dallas,Texas,75009
1616,616,work,0 Valley Edge Alley,Addison,Texas,75001
1617,617,work,,,,
1618,618,work,80162 Warner Park,Allen,Texas,75008
1619,619,work,,,,
1620,620,work,90323 Grover Lane,Plano,Texas,75008
1621,621,work,,,,
1622,622,work,,,,
1623,623,work,5660 Corry Lane,Allen,Texas,75008
1624,624,work,,,,
1625,625,work,4889 Scott Junction,Richardson,Texas,75004
1626,626,work,,,,
1627,627,work,,,,
1628,628,work,4865 Southridge Park,Allen,Texas,75006
1629,629,work,00 Messerschmidt Street,Richardson,Texas,75009
1630,630,work,0557 Stephen Road,Plano,Texas,75005
1631,631,work,95630 Old Shore Way,Allen,Texas,75007
1632,632,work,926 Vera Drive,Plano,Texas,75003
1633,633,work,,,,
1634,634,work,13 Golf View Point,Addison,Texas,75005
1635,635,work,,,,
1636,636,work,6565 Delaware Road,Richardson,Texas,75001
1637,637,work,99883 Crescent Oaks Court,Richardson,Texas,75004
1638,638,work,90 Lunder Center,Dallas,Texas,75009
1639,639,work,,,,
1640,640,work,31 Straubel Trail,Dallas,Texas,75007
1641,641,work,,,,
1642,642,work,09 Fairfield Way,Richardson,Texas,75002
1643,643,work,,,,
1644,644,work,19679 Farmco Pass,Plano,Texas,75002
1645,645,work,8 Columbus Hill,Dallas,Texas,75002
1646,646,work,29421 Ludington Road,Addison,Texas,75006
1647,647,work,9142 Russell Trail,Richardson,Texas,75004
1648,648,work,,,,
1649,649,work,,,,
1650,650,work,21491 Spaight Lane,Allen,Texas,75004
1651,651,work,39 Straubel Circle,Plano,Texas,75001
1652,652,work,43 Bultman Lane,Plano,Texas,75005
1653,653,work,53 Eastlawn Park,Plano,Texas,75004
1654,654,work,26 Hanson Drive,Richardson,Texas,75004
1655,655,work,830 Dovetail Terrace,Addison,Texas,75009
1656,656,work,,,,
1657,657,work,,,,
1658,658,work,16847 Jay Terrace,Allen,Texas,75009
1659,659,work,,,,
1660,660,work,,,,
1661,661,work,,,,
1662,662,work,,,,
1663,663,work,,,,
1664,664,work,3 Waubesa Alley,Allen,Texas,75002
1665,665,work,72229 Harbort Plaza,Richardson,Texas,75007
1666,666,work,,,,
1667,667,work,,,,
1668,668,work,6621 Bay Point,Dallas,Texas,75007
1669,669,work,,,,
1670,670,work,,,,
1671,671,work,,,,
1672,672,work,,,,
1673,673,work,,,,
1674,674,work,45 Pierstorff Parkway,Richardson,Texas,75005
1675,675,work,,,,
1676,676,work,97 Main Park,Addison,Texas,75009
1677,677,work,,,,
1678,678,work,00 Butterfield Drive,Richardson,Texas,75004
1679,679,work,03953 Bobwhite Plaza,Plano,Texas,75005
1680,680,work,,,,
1681,681,work,,,,
1682,682,work,20891 Vernon Plaza,Dallas,Texas,75004
1683,683,work,8642 Havey Plaza,Plano,Texas,75002
1684,684,work,,,,
1685,685,work,,,,
1686,686,work,38283 Kennedy Court,Richardson,Texas,75005
1687,687,work,2576 Kennedy Road,Allen,Texas,75005
1688,688,work,534 Menomonie Street,Dallas,Texas,75007
1689,689,work,,,,
1690,690,work,15426 Duke Hill,Plano,Texas,75008
1691,691,work,266 Jana Plaza,Plano,Texas,75001
1692,692,work,75536 Sauthoff Pass,Addison,Texas,75003
1693,693,work,68443 Bonner Junction,Allen,Texas,75009
1694,694,work,8198 Graedel Terrace,Allen,Texas,75009
1695,695,work,,,,
1696,696,work,,,,
1697,697,work,91786 Rockefeller Drive,Addison,Texas,75002
1698,698,work,3847 Morningstar Court,Richardson,Texas,75002
1699,699,work,26 Banding Trail,Allen,Texas,75002
1700,700,work,,,,
1701,701,work,6941 Superior Hill,Plano,Texas,75001
1702,702,work,83998 Donald Avenue,Addison,Texas,75003
1703,703,work,,,,
1704,704,work,,,,
1705,705,work,1322 Fair Oaks Park,Allen,Texas,75001
1706,706,work,06754 Meadow Vale Center,Dallas,Texas,75001
1707,707,work,,,,
1708,708,work,,,,
1709,709,work,93 Moose Alley,Richardson,Texas,75004
1710,710,work,,,,
1711,711,work,,,,
1712,712,work,,,,
1713,713,work,,,,
1714,714,work,55290 Meadow Vale Lane,Allen,Texas,75002
1715,715,work,01053 Pond Terrace,Plano,Texas,75007
1716,716,work,2 Meadow Vale Avenue,Addison,Texas,75003
1717,717,work,,,,
1718,718,work,,,,
1719,719,work,,,,
1720,720,work,,,,
1721,721,work,,,,
1722,722,work,,,,
1723,723,work,,,,
1724,724,work,,,,
1725,725,work,8180 Brickson Park Hill,Richardson,Texas,75005
1726,726,work,2 Hollow Ridge Point,Allen,Texas,75005
1727,727,work,059 Twin Pines Plaza,Dallas,Texas,75007
1728,728,work,66535 Red Cloud Alley,Richardson,Texas,75007
1729,729,work,,,,
1730,730,work,,,,
1731,731,work,,,,
1732,732,work,,,,
1733,733,work,35 Stang Lane,Richardson,Texas,75001
1734,734,work,72441 Thierer Plaza,Addison,Texas,75008
1735,735,work,,,,
1736,736,work,,,,
1737,737,work,35366 Transport Terrace,Addison,Texas,75001
1738,738,work,013 Northview Court,Addison,Texas,75007
1739,739,work,,,,
1740,740,work,,,,
1741,741,work,,,,
1742,742,work,1 Lillian Center,Richardson,Texas,75004
1743,743,work,,,,
1744,744,work,902 Emmet Place,Allen,Texas,75008
1745,745,work,,,,
1746,746,work,9410 Northridge Crossing,Richardson,Texas,75005
1747,747,work,9130 Maple Crossing,Allen,Texas,75003
1748,748,work,2 Rusk Crossing,Plano,Texas,75002
1749,749,work,0 Red Cloud Drive,Richardson,Texas,75006
1750,750,work,,,,
1751,751,work,81 Dunning Point,Allen,Texas,75005
1752,752,work,1 Dixon Circle,Richardson,Texas,75003
1753,753,work,,,,
1754,754,work,,,,
1755,755,work,28986 Bunker Hill Plaza,Allen,Texas,75002
1756,756,work,,,,
1757,757,work,,,,
1758,758,work,,,,
1759,759,work,,,,
1760,760,work,,,,
1761,761,work,69224 Prentice Alley,Richardson,Texas,75008
1762,762,work,,,,
1763,763,work,93 Division Circle,Richardson,Texas,75005
1764,764,work,,,,
1765,765,work,,,,
1766,766,work,,,,
1767,767,work,379 Eliot Junction,Addison,Texas,75008
1768,768,work,,,,
1769,769,work,69 Clove Drive,Addison,Texas,75005
1770,770,work,,,,
1771,771,work,096 Claremont Circle,Dallas,Texas,75005
1772,772,work,93380 Northfield Hill,Addison,Texas,75001
1773,773,work,06050 Sunbrook Park,Plano,Texas,75001
1774,774,work,8 Nova Circle,Dallas,Texas,75001
1775,775,work,35503 Melvin Parkway,Dallas,Texas,75003
1776,776,work,19 Heffernan Terrace,Dallas,Texas,75004
1777,777,work,,,,
1778,778,work,6157 Ramsey Alley,Plano,Texas,75008
1779,779,work,,,,
1780,780,work,489 Heath Street,Allen,Texas,75002
1781,781,work,,,,
1782,782,work,5 Eastlawn Terrace,Richardson,Texas,75006
1783,783,work,939 Ohio Terrace,Allen,Texas,75009
1784,784,work,,,,
1785,785,work,0031 Briar Crest Alley,Plano,Texas,75006
1786,786,work,6117 Jenna Place,Allen,Texas,75007
1787,787,work,,,,
1788,788,work,3434 Reindahl Road,Addison,Texas,75004
1789,789,work,,,,
1790,790,work,4 Service Park,Plano,Texas,75002
1791,791,work,8 Carberry Road,Plano,Texas,75007
1792,792,work,,,,
1793,793,work,56 Evergreen Circle,Richardson,Texas,75002
1794,794,work,8 Alpine Lane,Dallas,Texas,75004
1795,795,work,1783 Glendale Alley,Dallas,Texas,75003
1796,796,work,96 Calypso Lane,Dallas,Texas,75001
1797,797,work,,,,
1798,798,work,9925 Algoma Pass,Allen,Texas,75006
1799,799,work,,,,
1800,800,work,83 Prairieview Circle,Allen,Texas,75002
1801,801,work,4 Springs Avenue,Dallas,Texas,75009
1802,802,work,,,,
1803,803,work,7323 Monica Circle,Richardson,Texas,75003
1804,804,work,21529 Everett Court,Addison,Texas,75005
1805,805,work,,,,
1806,806,work,,,,
1807,807,work,1525 Duke Avenue,Richardson,Texas,75002
1808,808,work,4 Golden Leaf Park,Dallas,Texas,75002
1809,809,work,060 Express Center,Allen,Texas,75008
1810,810,work,,,,
1811,811,work,,,,
1812,812,work,118 Magdeline Drive,Richardson,Texas,75007
1813,813,work,,,,
1814,814,work,02 Sunnyside Junction,Richardson,Texas,75005
1815,815,work,798 Pond Point,Addison,Texas,75007
1816,816,work,,,,
1817,817,work,,,,
1818,818,work,,,,
1819,819,work,,,,
1820,820,work,2584 Milwaukee Center,Dallas,Texas,75004
1821,821,work,,,,
1822,822,work,,,,
1823,823,work,639 Talisman Road,Addison,Texas,75002
1824,824,work,84 7th Crossing,Addison,Texas,75008
1825,825,work,,,,
1826,826,work,,,,
1827,827,work,2521 Petterle Junction,Richardson,Texas,75009
1828,828,work,615 Lunder Hill,Richardson,Texas,75001
1829,829,work,,,,
1830,830,work,24624 Dovetail Crossing,Addison,Texas,75007
1831,831,work,8 Nevada Point,Dallas,Texas,75003
1832,832,work,,,,
1833,833,work,,,,
1834,834,work,2769 Ramsey Junction,Allen,Texas,75002
1835,835,work,945 Hagan Terrace,Allen,Texas,75008
1836,836,work,974 Green Center,Richardson,Texas,75007
1837,837,work,10 Harbort Plaza,Allen,Texas,75003
1838,838,work,417 Sachs Point,Dallas,Texas,75004
1839,839,work,8875 Porter Drive,Dallas,Texas,75001
1840,840,work,,,,
1841,841,work,6880 Havey Park,Plano,Texas,75001
1842,842,work,9797 Summit Terrace,Plano,Texas,75002
1843,843,work,,,,
1844,844,work,82863 Superior Circle,Dallas,Texas,75001
1845,845,work,,,,
1846,846,work,1595 Moland Center,Addison,Texas,75002
1847,847,work,7558 Pawling Way,Allen,Texas,75001
1848,848,work,06 Vera Street,Allen,Texas,75003
1849,849,work,0 Sachtjen Lane,Allen,Texas,75009
1850,850,work,,,,
1851,851,work,,,,
1852,852,work,46 Tony Terrace,Allen,Texas,75003
1853,853,work,6 Dottie Crossing,Plano,Texas,75001
1854,854,work,,,,
1855,855,work,5146 Grayhawk Junction,Allen,Texas,75006
1856,856,work,,,,
1857,857,work,4 Mccormick Court,Addison,Texas,75005
1858,858,work,,,,
1859,859,work,9520 Schiller Trail,Dallas,Texas,75006
1860,860,work,,,,
1861,861,work,,,,
1862,862,work,157 Drewry Circle,Richardson,Texas,75008
1863,863,work,,,,
1864,864,work,,,,
1865,865,work,,,,
1866,866,work,,,,
1867,867,work,41 Marquette Pass,Richardson,Texas,75005
1868,868,work,35864 Village Green Crossing,Richardson,Texas,75001
1869,869,work,5458 Starling Avenue,Dallas,Texas,75004
1870,870,work,18664 Ridgeway Court,Addison,Texas,75003
1871,871,work,,,,
1872,872,work,,,,
1873,873,work,,,,
1874,874,work,410 Maple Street,Richardson,Texas,75007
1875,875,work,,,,
1876,876,work,67232 Brickson Park Street,Richardson,Texas,75002
1877,877,work,,,,
1878,878,work,,,,
1879,879,work,,,,
1880,880,work,8 Duke Crossing,Richardson,Texas,75007
1881,881,work,7534 Ludington Hill,Allen,Texas,75007
1882,882,work,302 East Center,Dallas,Texas,75008
1883,883,work,18730 Calypso Place,Dallas,Texas,75004
1884,884,work,10 Delladonna Junction,Plano,Texas,75004
1885,885,work,,,,
1886,886,work,5208 Tennyson Alley,Richardson,Texas,75004
1887,887,work,9 Kensington Circle,Addison,Texas,75006
1888,888,work,,,,
1889,889,work,,,,
1890,890,work,,,,
1891,891,work,036 Welch Pass,Plano,Texas,75003
1892,892,work,,,,
1893,893,work,8401 Vidon Center,Richardson,Texas,75008
1894,894,work,2076 Vernon Junction,Plano,Texas,75004
1895,895,work,,,,
1896,896,work,933 Lakewood Terrace,Addison,Texas,75006
1897,897,work,,,,
1898,898,work,,,,
1899,899,work,5154 Crowley Drive,Richardson,Texas,75001
1900,900,work,719 Onsgard Court,Allen,Texas,75003
1901,901,work,,,,
1902,902,work,,,,
1903,903,work,09 Dexter Center,Addison,Texas,75002
1904,904,work,,,,
1905,905,work,72162 Pond Park,Addison,Texas,75008
1906,906,work,11901 Mitchell Crossing,Dallas,Texas,75006
1907,907,work,,,,
1908,908,work,320 Rutledge Trail,Addison,Texas,75005
1909,909,work,7539 Meadow Valley Junction,Dallas,Texas,75002
1910,910,work,37 Sloan Plaza,Richardson,Texas,75004
1911,911,work,,,,
1912,912,work,78762 Oak Valley Terrace,Richardson,Texas,75002
1913,913,work,,,,
1914,914,work,,,,
1915,915,work,866 Heffernan Point,Addison,Texas,75005
1916,916,work,49032 7th Drive,Dallas,Texas,75004
1917,917,work,4 4th Circle,Addison,Texas,75002
1918,918,work,9 Loftsgordon Drive,Richardson,Texas,75001
1919,919,work,26242 Upham Circle,Plano,Texas,75006
1920,920,work,66919 Cody Trail,Dallas,Texas,75007
1921,921,work,,,,
1922,922,work,2817 Lukken Pass,Dallas,Texas,75007
1923,923,work,,,,
1924,924,work,6 Esch Place,Allen,Texas,75007
1925,925,work,350 Crowley Lane,Allen,Texas,75001
1926,926,work,,,,
1927,927,work,09 Myrtle Street,Addison,Texas,75003
1928,928,work,,,,
1929,929,work,4 Ruskin Alley,Addison,Texas,75001
1930,930,work,33594 Debs Road,Dallas,Texas,75004
1931,931,work,8467 Dottie Place,Dallas,Texas,75009
1932,932,work,,,,
1933,933,work,,,,
1934,934,work,,,,
1935,935,work,98238 Sloan Lane,Addison,Texas,75008
1936,936,work,422 Bobwhite Park,Addison,Texas,75009
1937,937,work,,,,
1938,938,work,38 Artisan Junction,Addison,Texas,75008
1939,939,work,,,,
1940,940,work,8685 Carey Crossing,Plano,Texas,75008
1941,941,work,,,,
1942,942,work,,,,
1943,943,work,6409 Warner Terrace,Dallas,Texas,75008
1944,944,work,5 Mallard Lane,Addison,Texas,75004
1945,945,work,,,,
1946,946,work,0 Coolidge Street,Allen,Texas,75003
1947,947,work,21 Sutherland Road,Dallas,Texas,75008
1948,948,work,8615 Emmet Parkway,Allen,Texas,75001
1949,949,work,71460 Meadow Valley Point,Plano,Texas,75001
1950,950,work,,,,
1951,951,work,76928 Little Fleur Street,Dallas,Texas,75007
1952,952,work,,,,
1953,953,work,6798 Gale Point,Plano,Texas,75008
1954,954,work,6 Gale Lane,Addison,Texas,75003
1955,955,work,,,,
1956,956,work,5 Weeping Birch Avenue,Dallas,Texas,75008
1957,957,work,7386 Scott Drive,Dallas,Texas,75003
1958,958,work,5204 Messerschmidt Avenue,Plano,Texas,75006
1959,959,work,358 Northwestern Hill,Plano,Texas,75007
1960,960,work,,,,
1961,961,work,,,,
1962,962,work,2612 Duke Avenue,Plano,Texas,75004
1963,963,work,4 Westerfield Court,Plano,Texas,75007
1964,964,work,,,,
1965,965,work,,,,
1966,966,work,,,,
1967,967,work,,,,
1968,968,work,48011 Karstens Circle,Addison,Texas,75001
1969,969,work,,,,
1970,970,work,,,,
1971,971,work,,,,
1972,972,work,,,,
1973,973,work,,,,
1974,974,work,553 Sycamore Way,Dallas,Texas,75001
1975,975,work,0059 Hoepker Place,Richardson,Texas,75009
1976,976,work,89641 Kings Place,Addison,Texas,75001
1977,977,work,8 Hoepker Lane,Plano,Texas,75001
1978,978,work,,,,
1979,979,work,36884 Milwaukee Street,Dallas,Texas,75007
1980,980,work,,,,
1981,981,work,501 Valley Edge Park,Richardson,Texas,75009
1982,982,work,,,,
1983,983,work,,,,
1984,984,work,,,,
1985,985,work,2 Elgar Place,Plano,Texas,75006
1986,986,work,,,,
1987,987,work,161 Katie Drive,Addison,Texas,75009
1988,988,work,86 Meadow Vale Park,Plano,Texas,75001
1989,989,work,,,,
1990,990,work,0 Lillian Alley,Addison,Texas,75005
1991,991,work,67 Continental Hill,Dallas,Texas,75008
1992,992,work,72701 Morningstar Way,Dallas,Texas,75005
1993,993,work,,,,
1994,994,work,38 Shoshone Terrace,Dallas,Texas,75006
1995,995,work,,,,
1996,996,work,46412 Vahlen Park,Addison,Texas,75007
1997,997,work,3 Pennsylvania Terrace,Addison,Texas,75009
1998,998,work,67720 Myrtle Parkway,Dallas,Texas,75005
1999,999,work,,,,
2000,1000,work,,,,
